timestamp,fear_greed,classification,btc_price,btc_return_1d,btc_return_7d,fg_change,future_7d,future_14d,future_30d
2024-03-07,82,Extreme Greed,60763.07122951685,,,,0.103093312053808,-0.008207614926566964,-0.15270335357620712
2024-03-08,81,Extreme Greed,60571.47553557144,-0.003153160136058819,,-1.0,0.09395713824416796,-0.0187069960550571,-0.11032183369130044
2024-03-09,84,Extreme Greed,61570.85080458043,0.01649910721461767,,3.0,0.09115449361030326,-0.058736276087596906,-0.1247034969183769
2024-03-10,79,Extreme Greed,63934.314685858735,0.038386084492801675,,-5.0,0.038994821721885176,-0.08608634348325805,-0.17900659918446005
2024-03-11,82,Extreme Greed,63580.11506375974,-0.005540055036788227,,3.0,0.03297113336626101,-0.10152515103066706,-0.1571172668088595
2024-03-12,81,Extreme Greed,63228.12235783084,-0.0055362074380631565,,-1.0,0.045359282287702474,-0.12809373159284432,-0.1779433794394868
2024-03-13,81,Extreme Greed,65744.66289016537,0.03980096891210083,,0.0,-0.04239585422787673,-0.13043504360435654,-0.20495238158923135
2024-03-14,88,Extreme Greed,67027.33749312919,0.019509942656587675,0.103093312053808,7.0,-0.10089892284193791,-0.1515735156169763,-0.25804545568089265
2024-03-15,83,Extreme Greed,66262.59803612035,-0.011409366470616966,0.09395713824416796,-5.0,-0.10298770432638171,-0.14001193199601092,-0.27408660112522754
2024-03-16,81,Extreme Greed,67183.31053082748,0.013894904848210654,0.09115449361030326,-2.0,-0.13736897073296783,-0.18168952342254807,-0.2802072584767358
2024-03-17,79,Extreme Greed,66427.42188894471,-0.011251137163535985,0.038994821721885176,-2.0,-0.12038670702694287,-0.18332658453061024,-0.2582658146280856
2024-03-18,77,Extreme Greed,65676.42351696918,-0.011305547477532207,0.03297113336626101,-2.0,-0.13020333294177322,-0.17138066926338624,-0.24624763702520436
2024-03-19,79,Extreme Greed,66096.10460838108,0.006390133154912991,0.045359282287702474,2.0,-0.16592669794920256,-0.20001566512584878,-0.2528751390262448
2024-03-20,74,Greed,62957.361746013026,-0.0474875619518742,-0.04239585422787673,-5.0,-0.09193693423861815,-0.15191663898301055,-0.2211903928282859
2024-03-21,78,Extreme Greed,60264.35133910942,-0.04277514705536645,-0.10089892284193791,4.0,-0.05636139702469711,-0.12697448599571592,-0.21610559559237497
2024-03-22,75,Greed,59438.36518167851,-0.013706049083363592,-0.10298770432638171,-3.0,-0.041275050351261444,-0.12094694179748144,-0.21916553870150313
2024-03-23,73,Greed,57954.40831277435,-0.024966313665732875,-0.13736897073296783,-2.0,-0.05137834275129061,-0.11164054680148527,-0.20803977021162334
2024-03-24,74,Greed,58430.44331144519,0.008213956669210098,-0.12038670702694287,1.0,-0.07155403176199515,-0.07772188210415643,-0.19338298957145816
2024-03-25,75,Greed,57125.13427936434,-0.022339536688491424,-0.13020333294177322,1.0,-0.047341336062922124,-0.05658426748805745,-0.16749526158197448
2024-03-26,81,Extreme Greed,55128.99622340734,-0.03494325363324491,-0.16592669794920256,6.0,-0.04087046916959114,-0.04787581783563488,-0.17498581268347646
2024-03-27,83,Extreme Greed,57169.25491933293,0.03700881270643053,-0.09193693423861815,2.0,-0.06605235583951574,-0.06259787297969,-0.19762370607145974
2024-03-28,80,Extreme Greed,56867.768306850034,-0.005273579529911698,-0.05636139702469711,-3.0,-0.0748306488822893,-0.08600076743992568,-0.20076911246314322
2024-03-29,79,Extreme Greed,56985.04366600807,0.0020622465528317147,-0.041275050351261444,-1.0,-0.0831019276961662,-0.08273935946416955,-0.21554765165801004
2024-03-30,75,Greed,54976.806858532385,-0.03524147176662795,-0.05137834275129061,-4.0,-0.0635260681534231,-0.09541422122592025,-0.1740859032173948
2024-03-31,75,Greed,54249.50951487058,-0.013229166719946117,-0.07155403176199515,0.0,-0.0066431979384503625,-0.11333930594362718,-0.14105457378605146
2024-04-01,79,Extreme Greed,54420.7540998054,0.0031566107503309127,-0.047341336062922124,4.0,-0.009702248848435291,-0.11140409442128596,-0.12342637810818957
2024-04-02,79,Extreme Greed,52875.84828290806,-0.028388173638021486,-0.04087046916959114,0.0,-0.007303860887255209,-0.06816644533947425,-0.11632421395717785
2024-04-03,71,Greed,53393.090950321166,0.00978221029468207,-0.06605235583951574,-8.0,0.0036987971236128736,-0.07284334852033536,-0.13124154713127445
2024-04-04,70,Greed,52612.31630396076,-0.014623140044221605,-0.0748306488822893,-1.0,-0.012073593384975045,-0.06139766435780525,-0.110634721298986
2024-04-05,79,Extreme Greed,52249.47668751259,-0.006896476755592906,-0.0831019276961662,9.0,0.0003954291572296764,-0.06158298075934032,-0.0821966128609265
2024-04-06,75,Greed,51484.34647917968,-0.014643787016450194,-0.0635260681534231,-4.0,-0.034051298160130083,-0.08242230832069908,-0.07927530051977294
2024-04-07,78,Extreme Greed,53889.11928509945,0.04670881482184619,-0.0066431979384503625,3.0,-0.10740965158113025,-0.13875890953867864,-0.12402833217297637
2024-04-08,76,Extreme Greed,53892.75040100959,6.738124427174697e-05,-0.009702248848435291,-2.0,-0.10269824954624707,-0.14835323521038246,-0.14789733386171122
2024-04-09,80,Extreme Greed,52489.650442754086,-0.02603504085086028,-0.007303860887255209,4.0,-0.06131038698973579,-0.10208985763214418,-0.15086595322988472
2024-04-10,78,Extreme Greed,53590.58116154901,0.02097424367486722,0.0036987971236128736,-2.0,-0.07626007509753086,-0.11258762380321641,-0.15101779105153823
2024-04-11,76,Extreme Greed,51977.09658986505,-0.03010761474707857,-0.012073593384975045,-2.0,-0.04992686767208854,-0.12495681750529664,-0.094564122694753
2024-04-12,79,Extreme Greed,52270.137654044825,0.0056378882893761695,0.0003954291572296764,3.0,-0.061953911533545125,-0.12241947414728749,-0.10082757210915405
2024-04-13,72,Greed,49731.23764663769,-0.04857266732701382,-0.034051298160130083,-7.0,-0.05007616871210163,-0.08607790421244454,-0.030755810098433756
2024-04-14,72,Greed,48100.90775867295,-0.0327828134813164,-0.10740965158113025,0.0,-0.0351216636087095,-0.07066096239918129,0.011640888378141145
2024-04-15,74,Greed,48358.0592715931,0.005346084406770535,-0.10269824954624707,2.0,-0.0508803038008655,-0.06104338212701277,-0.009478975630314412
2024-04-16,65,Greed,49271.489661152875,0.018888896769609476,-0.06131038698973579,-9.0,-0.04344297633339478,-0.054273203578682705,-0.01858529772921813
2024-04-17,67,Greed,49503.75941764896,0.004714080253985342,-0.07626007509753086,2.0,-0.03932659802435312,-0.036360104999565546,0.01484594378617543
2024-04-18,57,Greed,49382.04296644349,-0.0024587314708480745,-0.04992686767208854,-10.0,-0.07897281512357524,-0.05380369083087888,0.016933856006874803
2024-04-19,66,Greed,49031.798169979906,-0.007092553799395995,-0.061953911533545125,9.0,-0.06445905308617961,-0.05396700061715942,0.06476284192449921
2024-04-20,66,Greed,47240.88779998304,-0.03652548829207258,-0.05007616871210163,0.0,-0.0378996023834165,-0.009511261708448071,0.033292338154474965
2024-04-21,72,Greed,46411.52385709927,-0.01755606174031432,-0.0351216636087095,6.0,-0.03683293266111787,0.03325085441485198,0.07388589834800974
2024-04-22,73,Greed,45897.58652463418,-0.011073485413827466,-0.0508803038008655,1.0,-0.010707899506085972,0.03279743074369468,0.08880946390461841
2024-04-23,71,Greed,47130.989501892305,0.02687293756930198,-0.04344297633339478,-2.0,-0.011322092648250348,0.001577564926845021,0.05291351551246515
2024-04-24,72,Greed,47556.94497033679,0.009037694157203902,-0.03932659802435312,1.0,0.0030879308396454253,-0.03437539289226588,0.046393029503978944
2024-04-25,72,Greed,45482.2040168301,-0.043626455711164636,-0.07897281512357524,0.0,0.02732723279614513,-0.02003980991088916,0.040301899822559495
2024-04-26,70,Greed,45871.25488883033,0.008553914226677728,-0.06445905308617961,-2.0,0.011214958045002277,-0.008149001294439184,0.026326004995049113
2024-04-27,67,Greed,45450.47693612409,-0.009173020309254709,-0.0378996023834165,-3.0,0.02950663022829514,0.035455098012825204,0.04559011690678583
2024-04-28,65,Greed,44702.05132417087,-0.016466837366856613,-0.03683293266111787,-2.0,0.07276389470998335,0.05140290408021819,0.10290344719345623
2024-04-29,67,Greed,45406.11978055651,0.015750249385198645,-0.010707899506085972,2.0,0.04397622322877148,0.061568647102459906,0.07227410418314384
2024-04-30,67,Greed,46597.368072148165,0.026235412700949645,-0.011322092648250348,0.0,0.013047381234246425,0.04428312306042281,0.02426348177911808
2024-05-01,54,Neutral,47703.79752735001,0.0237444624230434,0.0030879308396454253,-13.0,-0.03734799570417724,0.004106106621093453,-0.011544165057149947
2024-05-02,43,Fear,46725.10679407979,-0.02051599210123911,0.02732723279614513,-11.0,-0.04610706422929356,0.03489895848381619,0.032758215412498126
2024-05-03,48,Neutral,46385.699087880166,-0.0072639257454329975,0.011214958045002277,5.0,-0.01914920184416391,0.08306418648531877,0.04938473560197543
2024-05-04,67,Greed,46791.567352777965,0.008749857669038574,0.02950663022829514,19.0,0.005777979091995622,0.07323336687462234,0.02702474639725838
2024-05-05,69,Greed,47954.746680043114,0.02485873829563201,0.07276389470998335,2.0,-0.019912108093030234,0.08867714623676393,0.0154731974040343
2024-05-06,71,Greed,47402.9094399786,-0.011507458140617599,0.04397622322877148,2.0,0.016851364506443867,0.029760577737224292,0.030301538881651657
2024-05-07,68,Greed,47205.34169789799,-0.00416784000000614,0.013047381234246425,-3.0,0.03083344610014227,0.05582714155420465,0.06018528240958476
2024-05-08,64,Greed,45922.1563022256,-0.027183054915361993,-0.03734799570417724,-4.0,0.04306239652572508,0.08822691707925778,0.07122691196690423
2024-05-09,55,Greed,44570.74929400455,-0.02942821324258149,-0.04610706422929356,-9.0,0.08492150395018938,0.11339514439560516,0.09521770083844983
2024-05-10,66,Greed,45497.4499733637,0.020791678265184688,-0.01914920184416391,11.0,0.10420890569866592,0.09375922717863161,0.0629288708996587
2024-05-11,53,Neutral,47061.92805062402,0.03438606071716621,0.005777979091995622,-13.0,0.06706787102609346,0.005382167851880615,-0.009490176944590867
2024-05-12,56,Greed,46999.866580576214,-0.0013187192411888704,-0.019912108093030234,3.0,0.11079542480471893,0.0016807535708895927,-0.0003446052127159538
2024-05-13,57,Greed,48201.71314561762,0.02557127610098564,0.016851364506443867,1.0,0.012695280432697631,-0.01408961649256657,-0.018421874377288816
2024-05-14,66,Greed,48660.84505677892,0.009525219773294236,0.03083344610014227,9.0,0.024246104497888332,0.013176948417557455,-0.027074311864107692
2024-05-15,64,Greed,47899.67440622837,-0.0156423639922898,0.04306239652572508,-2.0,0.043299922136938784,0.016453807164040102,-0.016917805813179032
2024-05-16,70,Greed,48355.76435623826,0.009521775579138136,0.08492150395018938,6.0,0.02624488531358593,-0.012982565807289959,-0.06016312130448087
2024-05-17,74,Greed,50238.68944716772,0.03893899964144709,0.10420890569866592,4.0,-0.009463497773025464,-0.061418648979113755,-0.10445114576347414
2024-05-18,73,Greed,50218.271371362556,-0.00040642134637369765,0.06706787102609346,-1.0,-0.05780860322867354,-0.03908006807397757,-0.11131826983483839
2024-05-19,72,Greed,52207.236764136265,0.039606408951542216,0.11079542480471893,-1.0,-0.09823111330604561,-0.0676303211955056,-0.16189615224527665
2024-05-20,70,Greed,48813.64741133768,-0.06500227867125519,0.012695280432697631,-2.0,-0.026449117955620105,-0.015519221723732657,-0.10680056753939626
2024-05-21,76,Extreme Greed,49840.680990981135,0.021039886058686674,0.024246104497888332,6.0,-0.01080712538883144,-0.02295155335666965,-0.11593718403719688
2024-05-22,76,Extreme Greed,49973.72657840278,0.002669417527535689,0.043299922136938784,0.0,-0.025731924639571635,-0.022700649173030163,-0.07627905972345916
2024-05-23,76,Extreme Greed,49624.855846018516,-0.00698108298641531,0.02624488531358593,0.0,-0.038224259806068805,0.008494788871859837,-0.06526709592708846
2024-05-24,74,Greed,49763.25572146473,0.0027889224681207914,-0.009463497773025464,-2.0,-0.05245152610658976,-0.011458374792872372,-0.061406726444493964
2024-05-25,76,Extreme Greed,47315.223246825604,-0.04919357544332048,-0.05780860322867354,2.0,0.019877633375632975,0.0316906529591745,-0.014198006859266199
2024-05-26,75,Greed,47078.86177416285,-0.004995463540978129,-0.09823111330604561,-1.0,0.0339341848693937,0.027224348816813126,-0.056289390251129
2024-05-27,74,Greed,47522.569493111165,0.009424775838396071,-0.026449117955620105,-1.0,0.01122683614536446,-0.019091296550635573,-0.06526371946237575
2024-05-28,72,Greed,49302.046502046855,0.03744488204059837,-0.01080712538883144,-2.0,-0.01227710821573802,-0.04702393683383932,-0.09720586066057679
2024-05-29,72,Greed,48687.80641212876,-0.012458713856687287,-0.025731924639571635,0.0,0.003111336133455822,-0.028221833598720547,-0.02907566677851048
2024-05-30,73,Greed,47727.98246332159,-0.019713846639187738,-0.038224259806068805,1.0,0.04857582357869461,-0.008058088386126205,-0.013833163133500914
2024-05-31,73,Greed,47153.09701484142,-0.012045039802844437,-0.05245152610658976,0.0,0.043262326353900926,-0.0013526152632572508,0.0061975405811134365
2024-06-01,72,Greed,48255.73790761223,0.02338427298685719,0.019877633375632975,-1.0,0.011582781303324019,-0.05821498934463665,-0.01717343612748279
2024-06-02,73,Greed,48676.44457304792,0.008718272348070766,0.0339341848693937,1.0,-0.006489616216169614,-0.07570897654124753,-0.05366683906500802
2024-06-03,73,Greed,48056.097594017025,-0.012744295202168132,0.01122683614536446,0.0,-0.02998153491611044,-0.07133407574562889,-0.013605440021472459
2024-06-04,73,Greed,48696.75994188388,0.013331551664457653,-0.01227710821573802,0.0,-0.0351787215899525,-0.10147849538895326,-0.007819323839014292
2024-06-05,75,Greed,48839.290543477524,0.002926901127790593,0.003111336133455822,2.0,-0.031235984086224966,-0.10726954304700376,0.009319675229231272
2024-06-06,78,Extreme Greed,50046.40851922693,0.02471612429903769,0.04857582357869461,3.0,-0.05401031636561515,-0.11957133208744442,-0.03695124514707104
2024-06-07,77,Extreme Greed,49193.04968649464,-0.017051350096469742,0.043262326353900926,-1.0,-0.04276483535361908,-0.061619923986982794,0.01457753784781235
2024-06-08,72,Greed,48814.67356642662,-0.007691658119986289,0.011582781303324019,-5.0,-0.06899857524070663,-0.049753235448214084,-0.012909845713074741
2024-06-09,75,Greed,48360.553129001186,-0.009302949384829451,-0.006489616216169614,3.0,-0.06967150163187297,-0.034182736376116796,0.011444275509157498
2024-06-10,72,Greed,46615.30202606999,-0.03608831971536297,-0.02998153491611044,-3.0,-0.04263067386654562,0.0006036506324411661,0.10726386625571904
2024-06-11,74,Greed,46983.67018155559,0.007902301164531611,-0.0351787215899525,2.0,-0.06871715548008817,-0.054377378789375985,0.07188865796641708
2024-06-12,72,Greed,47313.74724127894,0.007025357075082894,-0.031235984086224966,-2.0,-0.07848511888528509,-0.061138201059114605,0.0498342369927931
2024-06-13,70,Greed,47343.38616214066,0.0006264335967847146,-0.05401031636561515,-2.0,-0.06930415506218979,-0.05985603803133044,0.05227440064411337
2024-06-14,74,Greed,47089.31701610929,-0.00536651825370571,-0.04276483535361908,4.0,-0.01969744669830331,0.0038832366275609598,0.04512105252227938
2024-06-15,74,Greed,45446.530639503006,-0.03488660445094771,-0.06899857524070663,0.0,0.020671654500924452,0.03567319294910898,0.04141403553164458
2024-06-16,71,Greed,44991.2007727557,-0.010019023682118489,-0.06967150163187297,-3.0,0.03814648838341128,0.05454687654939128,0.0542349123943664
2024-06-17,71,Greed,44628.06028820608,-0.00807136680756293,-0.04263067386654562,0.0,0.04515950461207918,0.06271750931117448,0.03506829589199034
2024-06-18,74,Greed,43755.086012664455,-0.01956110729222804,-0.06871715548008817,3.0,0.015397874850904714,0.05277209699820018,0.0686940516303991
2024-06-19,64,Greed,43600.32216413884,-0.003537048206940341,-0.07848511888528509,-10.0,0.018824349103496507,0.08720006843261041,0.04831599694862154
2024-06-20,60,Greed,44062.292786390535,0.010595578182027054,-0.06930415506218979,-4.0,0.010151669938411212,0.09653813159969848,0.07798168181906662
2024-06-21,63,Greed,46161.77770412497,0.047648108733526984,-0.01969744669830331,3.0,0.024054495468203818,0.06786305297258721,0.009261597992363813
2024-06-22,53,Neutral,46385.98561914849,0.004857003481550937,0.020671654500924452,-10.0,0.014697712415183917,0.0390451073956779,-0.0032609364325785206
2024-06-23,55,Greed,46707.45709038935,0.0069303576705321834,0.03814648838341128,2.0,0.015797759130812494,0.06856948203284818,0.01044468714770086
2024-06-24,51,Neutral,46643.441382619465,-0.001370567180439708,0.04515950461207918,-4.0,0.0167993541862419,0.03303877745403061,-0.018863383364575603
2024-06-25,30,Fear,44428.821351178034,-0.0474797734857243,0.015397874850904714,-21.0,0.036807465401464734,0.10095211025641504,0.03634628522696026
2024-06-26,46,Fear,44421.0698495815,-0.00017447011558702208,0.018824349103496507,16.0,0.06711237259816216,0.1619584967864207,0.07084560476253365
2024-06-27,40,Fear,44509.59863948761,0.0019929459197152166,0.010151669938411212,-6.0,0.08551830802453098,0.13146972151227976,0.026224446667591828
2024-06-28,47,Neutral,47272.17597671308,0.06206700176295432,0.024054495468203818,7.0,0.042779517787628896,0.05075746373060652,-0.028876975300001106
2024-06-29,30,Fear,47067.75349587359,-0.004324372141028321,0.014697712415183917,-17.0,0.023994727378011005,0.058436606765116084,-0.017910280741311846
2024-06-30,47,Neutral,47445.33024711608,0.008021983697938495,0.015797759130812494,17.0,0.05195101330720675,0.03727882820296857,-0.0062741692531692594
2024-07-01,53,Neutral,47427.0210748713,-0.0003859004068349492,0.0167993541862419,6.0,0.015971118786543004,-0.002074053955837929,-0.03621760984966693
2024-07-02,51,Neutral,46064.133655889374,-0.028736517455532073,0.036807465401464734,-2.0,0.061867460445139466,0.029679510734037073,-0.04004858566420533
2024-07-03,50,Neutral,47402.2732405356,0.029049489883875124,0.06711237259816216,-1.0,0.08888110251906367,-0.025508965000925365,-0.05459139536416657
2024-07-04,44,Fear,48315.98420598755,0.01927567821094711,0.08551830802453098,-6.0,0.042331311363484225,-0.03218777556194008,-0.06520475185658359
2024-07-05,29,Fear,49294.4568697688,0.020251531245015775,0.042779517787628896,-15.0,0.007650654627263664,-0.0727777908673678,-0.07765064891732687
2024-07-06,26,Fear,48197.13140930251,-0.02226062584207633,0.023994727378011005,-3.0,0.033634821026173656,-0.014498516948878826,-0.04810078076225088
2024-07-07,29,Fear,49910.16323014883,0.03554219454055918,0.05195101330720675,3.0,-0.013947593489273435,-0.06653662267145988,-0.09603224924729037
2024-07-08,28,Fear,48184.48366214995,-0.0345757147705833,0.015971118786543004,-1.0,-0.017761501689077308,-0.040464474147713925,-0.057849439938829184
2024-07-09,27,Fear,48914.00462278473,0.015140163496404346,0.061867460445139466,-1.0,-0.03031258693774186,-0.03513723255488688,-0.06473571345451568
2024-07-10,28,Fear,51615.439548064314,0.05522825101139284,0.08888110251906367,1.0,-0.10505285403094444,-0.11337404724102107,-0.1291676948011522
2024-07-11,29,Fear,50361.26317724439,-0.024298473127445375,0.042331311363484225,1.0,-0.07149270688985154,-0.08573294116438457,-0.0655040554428562
2024-07-12,25,Extreme Fear,49671.591734317946,-0.013694482612542469,0.007650654627263664,-4.0,-0.07981778717186716,-0.0423478341160306,-0.04094121475394774
2024-07-13,25,Extreme Fear,49818.233298229374,0.002952221960105028,0.033634821026173656,0.0,-0.04656706314060388,-0.08313010696771927,-0.07187890291188104
2024-07-14,33,Fear,49214.03656243143,-0.012128024134878679,-0.013947593489273435,8.0,-0.05333289471730962,-0.06719501741297151,-0.04470821467249786
2024-07-15,52,Neutral,47328.65487419735,-0.0383098363785368,-0.017761501689077308,19.0,-0.02311350298087178,-0.0233240953124898,-0.030485837659628756
2024-07-16,65,Greed,47431.29460518346,0.0021686593726133463,-0.03031258693774186,13.0,-0.004975464827277509,-0.005980110656294446,-0.013188350433398943
2024-07-17,69,Greed,46193.090311478474,-0.0261052181689696,-0.10505285403094444,4.0,-0.00929797167079216,-0.010472617851864818,0.04298544798301407
2024-07-18,61,Greed,46760.800150310984,0.012289929835922697,-0.07149270688985154,-8.0,-0.0153366962006658,-0.05435043645569437,0.009559885637437926
2024-07-19,60,Greed,45706.91519678028,-0.022537786995582287,-0.07981778717186716,-1.0,0.04072014491637965,-0.01952435844854128,0.05808681317375575
2024-07-20,74,Greed,47498.34448267739,0.03919383485375327,-0.04656706314060388,14.0,-0.038348836518647955,-0.049113123056291785,0.02905267186122673
2024-07-21,74,Greed,46589.309531833445,-0.019138244937683457,-0.05333289471730962,0.0,-0.014643080570040934,-0.02409563990774155,0.07106517499285037
2024-07-22,70,Greed,46234.72386868194,-0.007610880408288168,-0.02311350298087178,-4.0,-0.00021557502561520003,-0.007697939576292723,0.1308385595831858
2024-07-23,71,Greed,47195.30186716313,0.020776116262951394,-0.004975464827277509,1.0,-0.0010096694036217935,-0.04403243098548315,0.10141237949834947
2024-07-24,69,Greed,45763.588266376006,-0.03033593481013963,-0.00929797167079216,-2.0,-0.001185670511903325,-0.00800964285600858,0.11485859889034544
2024-07-25,68,Greed,46043.643964305615,0.006119618424575757,-0.0153366962006658,-1.0,-0.039621401655259736,-0.0064313399895954415,0.0838151851403297
2024-07-26,68,Greed,47568.107407273856,0.03310909632065728,0.04072014491637965,0.0,-0.05788732317635836,-0.05507293320189233,0.028039939825592608
2024-07-27,72,Greed,45676.83823520477,-0.039759184780597034,-0.038348836518647955,4.0,-0.011193546003391841,0.030333928972282376,0.06890155499496431
2024-07-28,71,Greed,45907.09851865623,0.005041073164166354,-0.014643080570040934,-1.0,-0.00959303086151675,0.037703927434951545,0.07296372669992635
2024-07-29,74,Greed,46224.75681689964,0.006919589965249218,-0.00021557502561520003,3.0,-0.007483977909407025,0.0002725060706054716,0.0733111375250457
2024-07-30,67,Greed,47147.65021487316,0.019965348906630043,-0.0010096694036217935,-7.0,-0.043066244251010466,-0.0028397038530000307,0.07440464948110392
2024-07-31,61,Greed,45709.32772924968,-0.03050676924657736,-0.001185670511903325,-6.0,-0.006832072931515332,0.0038607755696955515,0.10892915477151544
2024-08-01,52,Neutral,44219.330253124084,-0.03259723015291993,-0.039621401655259736,-9.0,0.034559351617027945,0.05849079582370442,0.18831428971502473
2024-08-02,57,Greed,44814.517000901265,0.013459877035001622,-0.05788732317635836,5.0,0.0029873178057160388,0.07506951355223301,0.16514310938599452
2024-08-03,37,Fear,45165.55244512952,0.007833074363407633,-0.011193546003391841,-20.0,0.04199757678343041,0.04521754957862267,0.23506599566605257
2024-08-04,34,Fear,45466.710305804074,0.0066678662026866675,-0.00959303086151675,-3.0,0.04775507419703451,0.06367678495513873,0.24645342050303687
2024-08-05,26,Fear,45878.81175801425,0.00906380623182157,-0.007483977909407025,-8.0,0.007814971050718711,0.06537847049506285,0.20916293490112592
2024-08-06,17,Extreme Fear,45117.177994858226,-0.016600991481061644,-0.043066244251010466,-9.0,0.042036912332061194,0.10601303503947279,0.19702646418151115
2024-08-07,29,Fear,45397.03826855291,0.006202964948884393,-0.006832072931515332,12.0,0.010766405367894638,0.15170527718334448,0.20435024098907384
2024-08-08,20,Extreme Fear,45747.52163561128,0.0077204016038454615,0.034559351617027945,-9.0,0.02313201670766518,0.1362689796553056,0.18879809582338436
2024-08-09,48,Neutral,44948.39220549262,-0.017468256236565005,0.0029873178057160388,28.0,0.07186750467016334,0.13507797256899567,0.23188236623635472
2024-08-10,40,Fear,47062.396201909905,0.04703180453602429,0.04199757678343041,-8.0,0.0030901922105539548,0.06035400946465508,0.1908046513276742
2024-08-11,39,Fear,47637.97642995282,0.012230151341498186,0.04775507419703451,-1.0,0.015196023527069169,0.02653214811709792,0.1746086472516024
2024-08-12,25,Extreme Fear,46237.35334374451,-0.029401397606965807,0.007814971050718711,-14.0,0.05711713072125724,0.055943731335333036,0.18490949778786736
2024-08-13,31,Fear,47013.764850898086,0.016791867418999296,0.042036912332061194,6.0,0.061395255724899345,0.04770702080067779,0.12153093829011885
2024-08-14,30,Fear,45885.80118505398,-0.02399220035709526,0.010766405367894638,-1.0,0.13943762976980967,0.08123962183590239,0.13658724135525957
2024-08-15,29,Fear,46805.75407042052,0.020048748449579046,0.02313201670766518,-1.0,0.11057904659430307,0.0822527189019473,0.1384047686207468
2024-08-16,27,Fear,48178.7209922372,0.02933329350385039,0.07186750467016334,-2.0,0.05897227747218947,0.0520911539378186,0.11217750810391403
2024-08-17,25,Extreme Fear,47207.82805206305,-0.020151903582716124,0.0030901922105539548,-2.0,0.057087406196153045,0.11308789642820471,0.10000020999844828
2024-08-18,31,Fear,48361.88424056435,0.024446288594945687,0.015196023527069169,6.0,0.011166439118470706,0.07967930745479768,0.07867873895262822
2024-08-19,28,Fear,48878.298298884125,0.010678121136699303,0.05711713072125724,-3.0,-0.0011099994048185957,0.14125163808586816,0.0778368773880056
2024-08-20,30,Fear,49900.18696650926,0.020906797151087897,0.061395255724899345,2.0,-0.012896453842610178,0.1357099046086927,0.03270275130430034
2024-08-21,26,Fear,52284.008542386626,0.047771796475978734,0.13943762976980967,-4.0,-0.051076080351729725,0.06103109194703893,-0.010348032318220679
2024-08-22,39,Fear,51981.48973065504,-0.005786067674714235,0.11057904659430307,13.0,-0.0255059086331777,0.03895552683985115,-0.0028947383975924668
2024-08-23,34,Fear,51019.92989484661,-0.018498120019083797,0.05897227747218947,-5.0,-0.006497926037116186,0.0716191514101705,-0.012884144521102425
2024-08-24,56,Greed,49902.80050770932,-0.021895941241779848,0.057087406196153045,22.0,0.052976215499118684,0.08980991158305995,0.01848259703315125
2024-08-25,54,Neutral,48901.914276591146,-0.0200567146720263,0.011166439118470706,-2.0,0.06775627204959056,0.13228965711732021,0.054144860231593706
2024-08-26,55,Greed,48824.04341686382,-0.0015923887823059424,-0.0011099994048185957,1.0,0.14251983442206995,0.14783857251165822,0.08466022943795326
2024-08-27,48,Neutral,49256.651508558054,0.008860554378927521,-0.012896453842610178,-7.0,0.1505478923966992,0.1360085864234717,0.10370566353342303
2024-08-28,30,Fear,49613.546320965164,0.007245616611699646,-0.051076080351729725,-18.0,0.11814137042759176,0.104276617824135,0.05827455095849987
2024-08-29,29,Fear,50655.65460296849,0.021004511051510244,-0.0255059086331777,-1.0,0.06614861602969335,0.04089843905973023,0.012433560606317284
2024-08-30,34,Fear,50688.40616397104,0.0006465529121921776,-0.006497926037116186,5.0,0.07862799635202866,0.028898324748797055,0.025029928000773305
2024-08-31,29,Fear,52546.46202141525,0.03665642694373972,0.052976215499118684,-5.0,0.0349805584796441,0.014033896534096924,0.0017000094930044174
2024-09-01,26,Fear,52215.325684061616,-0.006301781787300564,0.06775627204959056,-3.0,0.060438310461858435,0.026198518438735885,0.02124825068994851
2024-09-02,26,Fear,55782.438000451206,0.06831542788745693,0.14251983442206995,0.0,0.0046552698074415755,-0.06908656860031892,0.04821909210150688
2024-09-03,26,Fear,56672.13657969017,0.01594943876837651,0.1505478923966992,0.0,-0.012636854205991255,-0.07949586067520475,0.0467031856784661
2024-09-04,27,Fear,55474.958675096794,-0.021124629788925375,0.11814137042759176,1.0,-0.012399820783086324,-0.050331290572758425,0.09986693109554601
2024-09-05,29,Fear,54006.456049033026,-0.026471450563206878,0.06614861602969335,2.0,-0.023683543354391046,-0.04581666450902455,0.15694690071376005
2024-09-06,22,Extreme Fear,54673.93397892191,0.012359224780142508,0.07862799635202866,-7.0,-0.046104562250766645,-0.05360803281117432,0.16166040237119006
2024-09-07,23,Extreme Fear,54384.56660905377,-0.005292601955068643,0.0349805584796441,1.0,-0.020238700885664263,-0.04695357252807475,0.15886551751806754
2024-09-08,29,Fear,55371.13174862198,0.018140535101808908,0.060438310461858435,6.0,-0.03228833934546349,-0.09045417432923852,0.1600341144124484
2024-09-09,26,Fear,56042.12029986019,0.012118021251297684,0.0046552698074415755,-3.0,-0.0734001409477445,-0.0930904543159149,0.124218737923814
2024-09-10,33,Fear,55955.979052190596,-0.0015370804532141014,-0.012636854205991255,7.0,-0.06771470735364282,-0.07874542697083853,0.11949408480221746
2024-09-11,37,Fear,54787.07912957647,-0.020889634001826307,-0.012399820783086324,4.0,-0.038407718617212705,-0.0333943883123472,0.12971583359961802
2024-09-12,31,Fear,52727.39180577874,-0.03759439919997165,-0.023683543354391046,-6.0,-0.02267002773944582,0.031055081141514895,0.1764617336370251
2024-09-13,32,Fear,52153.2161862964,-0.010889513018154107,-0.046104562250766645,1.0,-0.007866135284295472,0.006740471512361124,0.2584537696188074
2024-09-14,50,Neutral,53283.89363265665,0.021679917923400183,-0.020238700885664263,18.0,-0.027266714521751,-0.03750493332763294,0.17446640277756265
2024-09-15,51,Neutral,53583.2898567801,0.005618887879844436,-0.03228833934546349,1.0,-0.06010657652345852,-0.030348202590721463,0.18814378678018961
2024-09-16,39,Fear,51928.620770839996,-0.03088031903906574,-0.0734001409477445,-12.0,-0.02125007162024617,0.013618130509496673,0.1767826677116051
2024-09-17,33,Fear,52166.93630598494,0.004589290676458191,-0.06771470735364282,-6.0,-0.011831914226474782,0.022195547411053784,0.15778313448757886
2024-09-18,45,Fear,52682.83241050873,0.009889331079321995,-0.038407718617212705,12.0,0.005213571699698161,0.10989128413638616,0.17784596869608071
2024-09-19,49,Neutral,51532.0603709131,-0.021843397306901102,-0.02267002773944582,4.0,0.054971310003616436,0.1511068152564874,0.20628008895854966
2024-09-20,54,Neutral,51742.971932263885,0.004092822212671043,-0.007866135284295472,5.0,0.01472241530717433,0.17919536261861913,0.16918695914051018
2024-09-21,54,Neutral,51831.016916367655,0.0017015834385978312,-0.027266714521751,0.0,-0.010525206609793614,0.20550600126719387,0.1465128521688579
2024-09-22,52,Neutral,50362.58174462489,-0.028331205118204972,-0.06010657652345852,-2.0,0.03166143435993485,0.2611058040516139,0.20017291363245593
2024-09-23,50,Neutral,50825.133860319045,0.009184440107531167,-0.02125007162024617,-2.0,0.03562524105362086,0.2400242585018013,0.1677179655316665
2024-09-24,54,Neutral,51549.70159015455,0.01425609092986968,-0.011831914226474782,4.0,0.034434892329974875,0.24602858601795297,0.15770898081841933
2024-09-25,59,Greed,52957.498134624104,0.02730949939656724,0.005213571699698161,5.0,0.1041347981998395,0.1897012504994271,0.12838454334913507
2024-09-26,50,Neutral,54364.845236687645,0.026575030007760292,0.054971310003616436,-9.0,0.09112617977501336,0.15225909842139118,0.13954864042434334
2024-09-27,61,Greed,52504.75345427814,-0.034214974296555845,0.01472241530717433,11.0,0.16208664047463262,0.17882337688254668,0.19878666191911099
2024-09-28,64,Greed,51285.48475452718,-0.023222063137820936,-0.010525206609793614,3.0,0.21832916747359143,0.20953831422075675,0.16532295703278788
2024-09-29,63,Greed,51957.13332072919,0.013096270210114946,0.03166143435993485,-1.0,0.2224027787120213,0.2632030928697162,0.15577941161232722
2024-09-30,61,Greed,52635.79150567546,0.013061886627904196,0.03562524105362086,-2.0,0.1973677439922472,0.1889275546275544,0.12215718173125678
2024-10-01,50,Neutral,53324.81001405386,0.013090303929486957,0.034434892329974875,-11.0,0.20455003524811666,0.19390304253866608,0.1314112463250665
2024-10-02,42,Fear,58472.21651604156,0.09652929847534564,0.1041347981998395,-8.0,0.07749638218005028,0.04508952323585169,0.011504337770199324
2024-10-03,37,Fear,59318.90589716683,0.014480199855139375,0.09112617977501336,-5.0,0.05602735941958903,0.018191386362738537,-0.005663420576255684
2024-10-04,41,Fear,61015.072550630946,0.028594031326277802,0.16208664047463262,4.0,0.014402313756122664,0.016998901750339135,-0.02097664560241208
2024-10-05,49,Neutral,62482.60194446266,0.02405191590346689,0.21832916747359143,8.0,-0.007215499298160899,-0.005129485105391907,-0.02315757833499066
2024-10-06,50,Neutral,63512.54414517031,0.016483663750480604,0.2224027787120213,1.0,0.03337714447989404,-0.04747622970199061,-0.06771535613604163
2024-10-07,50,Neutral,63024.39892839691,-0.007685807950908785,0.1973677439922472,0.0,-0.007048953345403786,-0.057112355754306066,-0.06823515820947612
2024-10-08,49,Neutral,64232.4017820277,0.019167225299573598,0.20455003524811666,-1.0,-0.008838979202103081,-0.05898261946338368,-0.0965025877698984
2024-10-09,49,Neutral,63003.60175408337,-0.01913053215905358,0.07749638218005028,0.0,-0.03007607216149666,-0.057999538805734496,-0.09381511451179114
2024-10-10,39,Fear,62642.38755824417,-0.005733230891292518,0.05602735941958903,-10.0,-0.03582859167365293,-0.04729760764718427,-0.04825516129080665
2024-10-11,32,Fear,61893.830769357715,-0.011949684839046903,0.014402313756122664,-7.0,0.002559722073781412,-0.03453346469653984,-0.026878958954683285
2024-10-12,49,Neutral,62031.75877398512,0.0022284612684806415,-0.007215499298160899,17.0,0.002101175221102203,-0.0012956798134761138,-0.05953666404200186
2024-10-13,50,Neutral,65632.4115073893,0.05804531105628152,0.03337714447989404,1.0,-0.078241883530895,-0.04099214575936139,-0.09063290782038846
2024-10-14,48,Neutral,62580.14288072853,-0.046505507820890246,-0.007048953345403786,-2.0,-0.05041880219329398,-0.04499814164838112,0.004427103318482617
2024-10-15,65,Greed,63664.65291857523,0.01732993866622623,-0.008838979202103081,17.0,-0.05059081139098309,-0.05676097762916188,0.012912008673432451
2024-10-16,73,Greed,61108.70088129336,-0.0401471133526925,-0.03007607216149666,8.0,-0.028789336815791322,-0.033433363786596115,0.015311622404753145
2024-10-17,71,Greed,60397.99903295712,-0.011630125302725891,-0.03582859167365293,-2.0,-0.011895204394662295,-0.0010879379443217152,0.014935874379824243
2024-10-18,73,Greed,62052.261774208935,0.027389363352072982,0.002559722073781412,2.0,-0.03699848094195779,-0.04685342719293106,0.019274951904963977
2024-10-19,72,Greed,62162.098368442406,0.0017700659265755814,0.002101175221102203,-1.0,-0.003389732612406937,-0.05114274561086096,-0.0004171248094432256
2024-10-20,73,Greed,60497.20801037638,-0.026783046289686308,-0.078241883530895,1.0,0.04041161895511447,-0.012596069109747643,0.03859747547743875
2024-10-21,72,Greed,59424.927035597,-0.01772447043499037,-0.05041880219329398,-1.0,0.005708475017653258,0.027105277870982603,0.07792668377113054
2024-10-22,70,Greed,60443.80647049919,0.017145657314679763,-0.05059081139098309,-2.0,-0.006498953572609545,-0.02038317808171919,0.035310032662426716
2024-10-23,71,Greed,59349.42190924637,-0.018105818034258925,-0.028789336815791322,1.0,-0.004781688614887036,-0.0105393244392884,0.052941952394970127
2024-10-24,69,Greed,59679.55248943148,0.005562490241100004,-0.011895204394662295,-2.0,0.010937368686405158,-0.027576341131859583,-0.03762358651141717
2024-10-25,72,Greed,59756.42234955049,0.001288043507575276,-0.03699848094195779,3.0,-0.010233572902992871,-0.04457279408565151,-0.06337685291441397
2024-10-27,74,Greed,61951.38547634725,0.03673183635320609,-0.003389732612406937,2.0,-0.0479154335060471,-0.03763945576742023,-0.10217359194494557
2024-10-28,72,Greed,62941.99812834001,0.015990161388254487,0.04041161895511447,-2.0,-0.05094876594909403,-0.04308425497154611,-0.1437803490340971
2024-10-29,72,Greed,59764.15274700557,-0.05048847313132243,0.005708475017653258,0.0,0.02127535303205419,-0.023853060564857254,-0.061360293611750216
2024-10-30,77,Extreme Greed,60050.984978495624,0.004799402623580695,-0.006498953572609545,5.0,-0.01397504769525626,-0.0061119692444140394,-0.09914853324552053
2024-10-31,77,Extreme Greed,59065.6314542028,-0.01640861552305406,-0.004781688614887036,0.0,-0.005785299324314153,0.0641923245616014,-0.09410353656396686
2024-11-01,75,Greed,60332.289758048064,0.021444929524327305,0.010937368686405158,-2.0,-0.038097028570928115,0.06885867796271894,-0.11013459712002127
2024-11-02,72,Greed,59144.900645014335,-0.019680822952278798,-0.010233572902992871,-3.0,-0.03469426749841964,0.04902322192104003,-0.059471452756715504
2024-11-03,74,Greed,58982.95798494784,-0.002738066313416776,-0.0479154335060471,2.0,0.010793135505250406,0.03928487233464284,-0.09064911283095878
2024-11-04,70,Greed,59735.1809973309,0.01275322632301723,-0.05094876594909403,-4.0,0.008286708552055044,0.058811827126247884,-0.07590027978696212
2024-11-05,70,Greed,61035.65619535973,0.021770674773496257,0.02127535303205419,0.0,-0.04418829208296293,0.018030654346103736,-0.09526808109656304
2024-11-06,70,Greed,59211.769599274034,-0.02988231322110957,-0.01397504769525626,0.0,0.007974522787139282,0.061144565315959465,-0.09019043823942008
2024-11-07,77,Extreme Greed,58723.91909646061,-0.008239079934868276,-0.005785299324314153,7.0,0.07038482114412248,0.09079427119984596,-0.07194239109130762
2024-11-08,75,Greed,58033.8087913862,-0.011751775353086136,-0.038097028570928115,-2.0,0.1111917830701219,0.07830384657610523,-0.0561388798674034
2024-11-09,75,Greed,57092.911640868755,-0.016212913991216382,-0.03469426749841964,0.0,0.0867263982805806,0.09455787737231924,-0.0548840765023072
2024-11-10,78,Extreme Greed,59619.56904297988,0.044255185617516624,0.010793135505250406,3.0,0.02818750526550673,-0.03665533640509455,-0.09326731139572297
2024-11-11,76,Extreme Greed,60230.18903256003,0.01024193900395276,0.008286708552055044,-2.0,0.05010987266384692,-0.07074426863653316,-0.11101512600103303
2024-11-12,80,Extreme Greed,58338.59479192387,-0.03140608175102322,-0.04418829208296293,4.0,0.06509540102271583,-0.04657302606193525,-0.0794926605530627
2024-11-13,84,Extreme Greed,59683.95520521029,0.023061241328916404,0.007974522787139282,4.0,0.05274939130584411,-0.09704081300833223,-0.08525673341986395
2024-11-14,88,Extreme Greed,62857.19163894691,0.05316732818436942,0.07038482114412248,4.0,0.01906739487758058,-0.10754831190654746,-0.09690826061771485
2024-11-15,80,Extreme Greed,64486.69146925094,0.025923840817832167,0.1111917830701219,-8.0,-0.029596993961879647,-0.16111345356081763,-0.14687818898283833
2024-11-16,86,Extreme Greed,62044.374234832736,-0.03787319800059474,0.0867263982805806,6.0,0.007206486475463958,-0.13759551442234508,-0.06591999361094181
2024-11-17,90,Extreme Greed,61300.09595930612,-0.01199590268586781,0.02818750526550673,4.0,-0.06306519125989285,-0.12418379625608711,-0.10061911630015252
2024-11-18,83,Extreme Greed,63248.316135501045,0.031781682323764215,0.05010987266384692,-7.0,-0.11508713939980919,-0.12049093352415363,-0.1315389053191638
2024-11-19,90,Extreme Greed,62136.16901500588,-0.017583821806615996,0.06509540102271583,7.0,-0.10484359145427347,-0.13679575001617073,-0.10289957140285044
2024-11-20,83,Extreme Greed,62832.24751301039,0.011202468852503866,0.05274939130584411,-7.0,-0.1422847693394289,-0.1214501115039951,-0.106511518642047
2024-11-21,82,Extreme Greed,64055.71453282247,0.0194719601516522,0.01906739487758058,-1.0,-0.12424664690536813,-0.13792380970377305,-0.13712692838711527
2024-11-22,94,Extreme Greed,62578.07925121392,-0.02306796969459146,-0.029596993961879647,12.0,-0.13552767126709797,-0.13913250782399322,-0.12125225365066128
2024-11-23,93,Extreme Greed,62491.49617863468,-0.0013836006731952066,0.007206486475463958,-1.0,-0.14376595349829147,-0.12789446124604809,-0.13078426887457084
2024-11-24,80,Extreme Greed,57434.19368338269,-0.08092785105985412,-0.06306519125989285,-13.0,-0.06523250542733083,-0.04628493483583307,-0.06807707255662276
2024-11-25,82,Extreme Greed,55969.24835961143,-0.025506501089700317,-0.11508713939980919,2.0,-0.00610658333146985,-0.03590951295372258,-0.023266161970829646
2024-11-26,79,Extreme Greed,55621.589896262914,-0.006211597860217077,-0.10484359145427347,-3.0,-0.03569449791886847,-0.028093007902286415,-0.008278368404052161
2024-11-27,75,Greed,53892.1756685438,-0.031092498990851536,-0.1422847693394289,-4.0,0.02429088010876046,-0.006465663265156407,0.005932030253228415
2024-11-28,77,Extreme Greed,56097.00678699182,0.040911896599026276,-0.12424664690536813,2.0,-0.015617596838281234,-0.042709981249135165,-0.011759647713475818
2024-11-29,78,Extreme Greed,54097.017897929,-0.035652328058376814,-0.13552767126709797,1.0,-0.0041699848995502276,0.009214523614741843,0.032768071513451735
2024-11-30,84,Extreme Greed,53507.34664497843,-0.010900254318327973,-0.14376595349829147,6.0,0.018536394712507676,0.06089750453416598,0.06549125618070484
2024-12-01,81,Extreme Greed,53687.61733221706,0.0033690829118238064,-0.06523250542733083,-3.0,0.02026982185571158,0.02472424269308582,0.07875544299917259
2024-12-02,80,Extreme Greed,55627.467480503736,0.03613217059499885,-0.00610658333146985,-1.0,-0.029986041885809445,0.04183080960839147,0.019685136228227984
2024-12-03,76,Extreme Greed,53636.2051714666,-0.03579638619599268,-0.03569449791886847,-4.0,0.007882864922140076,0.027890289749569863,0.04286021356478509
2024-12-04,78,Extreme Greed,55201.26404650866,0.02917914997973492,0.02429088010876046,2.0,-0.030027157296032114,-0.004937607561344648,0.03234937175278563
2024-12-05,84,Extreme Greed,55220.90635115826,0.0003558307040405495,-0.015617596838281234,6.0,-0.027522215273085404,0.009443479617525341,0.047858972334839045
2024-12-06,72,Greed,53871.43415018394,-0.024437704669184823,-0.0041699848995502276,-12.0,0.013440555427466139,0.042108685174385485,0.07368309099947745
2024-12-07,75,Greed,54499.17994240873,0.011652665315624366,0.018536394712507676,3.0,0.041590177868523925,0.014179501631079727,0.06456586599140368
2024-12-08,79,Extreme Greed,54775.85577139871,0.005076697104109629,0.02026982185571158,4.0,0.0043659243289901895,0.003915782573457038,0.09315943566121976
2024-12-09,78,Extreme Greed,53959.41991063185,-0.01490503159227985,-0.029986041885809445,-1.0,0.07403692585395416,0.0066563285890939294,0.09343509933021488
2024-12-10,78,Extreme Greed,54059.012131769465,0.0018456873943892838,0.007882864922140076,0.0,0.019850942528897297,-0.009892341682049888,0.10649539515729045
2024-12-11,74,Greed,53543.72700804434,-0.009531900480702626,-0.030027157296032114,-4.0,0.025866239372997146,0.020979707925038893,0.11164947861282659
2024-12-12,83,Extreme Greed,53701.10467898679,0.0029392363911986408,-0.027522215273085404,9.0,0.03801186563967751,0.02718806649553085,0.1025133226471655
2024-12-13,76,Extreme Greed,54595.49614683657,0.01665499198193876,0.013440555427466139,-7.0,0.02828792433200711,-0.0070267785603207455,0.11439353534591934
2024-12-14,83,Extreme Greed,56765.8105299022,0.03975262679596292,0.041590177868523925,7.0,-0.026316181565322005,-0.023402903404436848,0.09405690809667266
2024-12-15,80,Extreme Greed,55015.00301275231,-0.030842641033507756,0.0043659243289901895,-3.0,-0.00044818501367804853,0.015535213841983975,0.15199666931761602
2024-12-16,83,Extreme Greed,57954.40948167768,0.05342917945935621,0.07403692585395416,3.0,-0.06273582932103272,-0.016267950936869613,0.129419799499229
2024-12-17,87,Extreme Greed,55132.134474766186,-0.04869819280625676,0.019850942528897297,4.0,-0.02916434448468863,0.05049096993140667,0.18803673205915739
2024-12-18,81,Extreme Greed,54928.701867756834,-0.0036899098674015862,0.025866239372997146,-6.0,-0.00476332221532616,0.032656877500046866,0.21294713582670188
2024-12-19,75,Greed,55742.383854746695,0.01481342102256189,0.03801186563967751,-6.0,-0.010427432963376115,0.0034566251360128586,0.186154416917375
2024-12-20,74,Greed,56139.88941070667,0.007131118701270367,0.02828792433200711,-1.0,-0.034343204910501024,0.015089107879585839,0.1874845175409534
2024-12-21,73,Greed,55271.95115329463,-0.015460277291649227,-0.026316181565322005,-1.0,0.0029920166133279302,0.04689125267244987,0.20239885643290045
2024-12-22,73,Greed,54990.34611287455,-0.0050948995746333825,-0.00044818501367804853,0.0,0.015990565587518546,0.05183640445213311,0.21168176681444173
2024-12-23,70,Greed,54318.59154003391,-0.01221586369836225,-0.06273582932103272,-3.0,0.049578208404681856,0.0681051376019437,0.24511883786491273
2024-12-24,73,Greed,53524.241912767924,-0.014623899566330478,-0.02916434448468863,3.0,0.08204819627665505,0.118721936884431,0.23796007805116348
2024-12-25,73,Greed,54667.05876189112,0.02135138786245161,-0.00476332221532616,0.0,0.03759929728340383,0.0792811065027097,0.27568864616625355
2024-12-26,79,Extreme Greed,55161.13388388255,0.009037894724562179,-0.010427432963376115,6.0,0.01403035872444014,0.08438757108349759,0.23268237605971098
2024-12-27,74,Greed,54211.865685021905,-0.017209004456995136,-0.034343204910501024,-5.0,0.051190353592971416,0.09794886155200522,0.21641251484631852
2024-12-28,72,Greed,55437.32574939633,0.022605015505175796,0.0029920166133279302,-2.0,0.04376828063632132,0.06798411628103618,0.22417362652769723
2024-12-29,73,Greed,55869.67284907281,0.007798844800539273,0.015990565587518546,1.0,0.035281665085035385,0.08897841820900165,0.23895927074367962
2024-12-30,65,Greed,57011.60999165449,0.020439302475719234,0.049578208404681856,-8.0,0.01765178530661582,0.08933999869565934,0.23330864479795244
2024-12-31,64,Greed,57915.80941878587,0.015859917431971127,0.08204819627665505,-1.0,0.033892890107826146,0.0942970644666834,0.23334971450853104
2025-01-01,66,Greed,56722.50175588877,-0.020604178286939945,0.03759929728340383,2.0,0.04017139306901574,0.15394870661002336,0.2591476070129548
2025-01-02,70,Greed,55935.06437992029,-0.013882275139367128,0.01403035872444014,4.0,0.06938373368580453,0.17098284589371504,0.24847516001324377
2025-01-03,74,Greed,56986.99025837285,0.018806197688585824,0.051190353592971416,4.0,0.04448148501288385,0.1691372241822413,0.22798921430797403
2025-01-04,73,Greed,57863.72218052307,0.015384773229384807,0.04376828063632132,-1.0,0.023200394277120395,0.1426688834937626,0.18914726781760738
2025-01-05,72,Greed,57840.8479349443,-0.0003953123773718925,0.035281665085035385,-1.0,0.051866805850904196,0.1525634888108196,0.21885550658391573
2025-01-06,76,Extreme Greed,58017.96669121169,0.0030621742694125764,0.01765178530661582,4.0,0.07044473799792339,0.14548879682823324,0.21091340529709357
2025-01-07,78,Extreme Greed,59878.74358292258,0.03207242510952657,0.033892890107826146,2.0,0.058424015617863256,0.11276215479558949,0.14931109436876255
2025-01-08,70,Greed,59001.12366978251,-0.014656618703508872,0.04017139306901574,-8.0,0.10938323655038129,0.14630192386360052,0.15727844014081271
2025-01-09,69,Greed,59816.04799055501,0.013812013570003723,0.06938373368580453,-1.0,0.09500716067349613,0.10774410750810826,0.1535377704827452
2025-01-10,50,Neutral,59521.856211480015,-0.004918275094360047,0.04448148501288385,-19.0,0.11934700706333712,0.1716393039570141,0.1431510475252049
2025-01-11,69,Greed,59206.18334945297,-0.005303478119120908,0.023200394277120395,19.0,0.11675961999706352,0.14846378765538892,0.12587327264144954
2025-01-12,62,Greed,60840.86796503772,0.027610031978186234,0.051866805850904196,-7.0,0.09573140097187238,0.08387657964253781,0.10254014744415496
2025-01-13,61,Greed,62105.02715394634,0.020778125480311438,0.07044473799792339,-1.0,0.07010549556314927,0.0927442627053654,0.08695476781162448
2025-01-14,63,Greed,63377.100233189274,0.02048261046709965,0.058424015617863256,2.0,0.051338724722724605,0.09219653273953354,0.05188123689530566
2025-01-15,70,Greed,65454.857536892625,0.03278403865210722,0.10938323655038129,7.0,0.0332785696564315,0.07421991434212516,0.006732336374493331
2025-01-16,75,Greed,65499.000872847224,0.0006744088615533439,0.09500716067349613,5.0,0.011631838851883014,0.09055781096352145,0.012125661185189207
2025-01-17,75,Greed,66625.61160517446,0.017200426225040033,0.11934700706333712,0.0,0.04671678805919921,0.071990194596105,-0.04077433908089989
2025-01-18,77,Extreme Greed,66119.07481881157,-0.007602733755971314,0.11675961999706352,2.0,0.028389428746007805,0.05617839698210192,-0.06720365194196076
2025-01-19,77,Extreme Greed,66665.2494916755,0.008260470588262514,0.09573140097187238,0.0,-0.010819094276954933,0.049713455312182964,-0.0912370259047599
2025-01-20,76,Extreme Greed,66458.93085953659,-0.0030948452711434538,0.07010549556314927,-1.0,0.021155640482252158,0.03535350699750772,-0.09305484986678081
2025-01-21,76,Extreme Greed,66630.7997357855,0.0025860915008122376,0.051338724722724605,0.0,0.038862649169119745,0.05806378267326151,-0.08813639361822723
2025-01-22,84,Extreme Greed,67633.1015727859,0.015042620544476026,0.0332785696564315,8.0,0.03962275603887422,0.0387625582845883,-0.06828720361553886
2025-01-23,75,Greed,66260.87469595953,-0.020289279138701044,0.011631838851883014,-9.0,0.07801847379696225,0.03861146766466916,-0.0283562695247096
2025-01-24,75,Greed,69738.14618184791,0.05247850261325371,0.04671678805919921,0.0,0.02414541051144048,-0.020898430694250014,-0.08025497099606538
2025-01-25,75,Greed,67996.15758213217,-0.024978992059429883,0.028389428746007805,0.0,0.02702183381054346,0.01476426156535271,-0.05689151238041201
2025-01-26,73,Greed,65943.99187242833,-0.030180612885736147,-0.010819094276954933,-2.0,0.06119461995163711,0.03182216221349288,-0.051655047443749935
2025-01-27,71,Greed,67864.9121076358,0.029129571635935658,0.021155640482252158,-2.0,0.01390372432213205,-0.01777432051284955,-0.07867495993774265
2025-01-28,72,Greed,69220.24912977521,0.019971101119085066,0.038862649169119745,1.0,0.01848284132603939,-0.030926638084740943,-0.10298539868112044
2025-01-29,72,Greed,70312.9114565568,0.015785298962635252,0.03962275603887422,0.0,-0.0008274133567097719,-0.039929452903384455,-0.10955520932831642
2025-01-30,70,Greed,71430.44701219005,0.01589374600600535,0.07801847379696225,-2.0,-0.03655503786822423,-0.06671195025913723,-0.14136691809318425
2025-01-31,76,Extreme Greed,71422.00234971548,-0.00011822217034618276,0.02414541051144048,6.0,-0.04398188064251185,-0.07737784593996277,-0.12987156475520334
2025-02-01,68,Greed,69833.53845207207,-0.02224053996505926,0.02702183381054346,-8.0,-0.011935064904814774,-0.050696541592290534,-0.0757225979385836
2025-02-02,60,Greed,69979.40939315544,0.0020888378895977944,0.06119461995163711,-8.0,-0.027678671928701437,-0.08674570305299589,-0.07988835626676583
2025-02-03,44,Fear,68808.4871367261,-0.01673238266203303,0.01390372432213205,-16.0,-0.03124364185185402,-0.1036624391201777,-0.054557076860808684
2025-02-04,72,Greed,70499.63601098977,0.02457762035812916,0.01848284132603939,28.0,-0.04851282457193917,-0.14066350090924862,-0.061040177917093374
2025-02-05,54,Neutral,70254.7336144685,-0.003473810793620191,-0.0008274133567097719,-18.0,-0.03913441988839739,-0.14205631528175788,-0.06693382364635836
2025-02-06,49,Neutral,68819.30431671526,-0.020431780520730802,-0.03655503786822423,-5.0,-0.03130112624615944,-0.11713432813040348,-0.04184493729836647
2025-02-07,44,Fear,68280.72836712109,-0.007825942952221387,-0.04398188064251185,-5.0,-0.03493235601004663,-0.07712428233443092,-0.03368527435247304
2025-02-08,44,Fear,69000.07063811371,0.010535070263529844,-0.011935064904814774,0.0,-0.039229685530477565,-0.06692902081501506,-0.04112588684256746
2025-02-09,46,Fear,68042.472278798,-0.013878222883829339,-0.027678671928701437,2.0,-0.06074846804138312,-0.05733417475057345,-0.046115620259864265
2025-02-10,43,Fear,66658.65940825832,-0.02033748663437196,-0.03124364185185402,-3.0,-0.07475439687101304,-0.037968151317440246,-0.025406107788261134
2025-02-11,47,Neutral,67079.49953680305,0.006313360218771491,-0.04851282457193917,4.0,-0.09684909972207678,-0.06770843140657878,-0.01915073784092125
2025-02-12,46,Fear,67505.35537005238,0.0063485243060836805,-0.03913441988839739,-1.0,-0.10711372904148186,-0.07376766593354478,0.010338477941245872
2025-02-13,50,Neutral,66665.1825841249,-0.01244601678373225,-0.03130112624615944,4.0,-0.08860669110889807,-0.06860565336357727,0.04794350907765854
2025-02-14,48,Neutral,65895.52165517553,-0.011545170944040062,-0.03493235601004663,-2.0,-0.043719138847041816,-0.04986311435425328,0.11760534529390254
2025-02-15,50,Neutral,66293.21956539978,0.006035279791931192,-0.039229685530477565,2.0,-0.028830340475112792,-0.0748292923146946,0.08996283888789236
2025-02-16,54,Neutral,63908.99632611274,-0.0359648129162734,-0.06074846804138312,4.0,0.003635121343576575,-0.027581111906531453,0.15566599733535402
2025-02-17,51,Neutral,61675.63152796369,-0.03494601584341439,-0.07475439687101304,-3.0,0.03975835759626345,0.04653264017203096,0.20341368220703782
2025-02-18,47,Neutral,60582.91039685621,-0.017717226464264768,-0.09684909972207678,-4.0,0.03226555861986147,0.06282232039414315,0.2926126936742275
2025-02-19,44,Fear,60274.60502609565,-0.005088982499205974,-0.10711372904148186,-3.0,0.037346372312500487,0.07930192470223041,0.2734244431606683
2025-02-20,49,Neutral,60758.201343175046,0.008023218349917371,-0.08860669110889807,5.0,0.02194556131825931,0.08950436685737162,0.23721421425523426
2025-02-21,55,Greed,63014.626194534656,0.03713778224959041,-0.043719138847041816,6.0,-0.006424865075521646,0.040271435746153994,0.17546135670574747
2025-02-22,49,Neutral,64381.96347413789,0.021698728726598837,-0.028830340475112792,-6.0,-0.047364486100281655,0.024193132431459707,0.08982215375639369
2025-02-23,50,Neutral,64141.313282704345,-0.003737851075794163,0.003635121343576575,1.0,-0.03110316945496927,0.02867668156834524,0.07992956616247127
2025-02-24,49,Neutral,64127.75334122786,-0.0002114072940277989,0.03975835759626345,-1.0,0.006515247053583195,0.03172773243539728,0.06005364444547623
2025-02-25,25,Extreme Fear,62537.65184362779,-0.024795839784672258,0.03226555861986147,-24.0,0.029601648063446007,0.03784919248227259,0.09149520768542252
2025-02-26,21,Extreme Fear,62525.64286638913,-0.00019202795251560545,0.037346372312500487,-4.0,0.04044507554039134,0.039015663719522475,0.10143885361393568
2025-02-27,10,Extreme Fear,62091.574176338836,-0.0069422507334766514,0.02194556131825931,-11.0,0.06610802776222724,0.05964260850944747,0.16157875549926626
2025-02-28,16,Extreme Fear,62609.76572345034,0.008345601701768013,-0.006424865075521646,6.0,0.04699825828997328,0.08933897466919061,0.17977267547381381
2025-03-01,20,Extreme Fear,61332.544860058246,-0.020399706797077477,-0.047364486100281655,4.0,0.07511542188765619,0.13905831773184163,0.18743119008666675
2025-03-02,26,Fear,62146.31514660812,0.01326816437189482,-0.03110316945496927,6.0,0.061698881799093774,0.18502902479446126,0.14601285362654082
2025-03-03,33,Fear,64545.5614972372,0.03860641367020823,0.006515247053583195,7.0,0.025049283113812493,0.1194750517371268,0.11741212197571227
2025-03-04,15,Extreme Fear,64388.86940421718,-0.0024276199538015852,0.029601648063446007,-18.0,0.008010422705071685,0.1470531267486619,0.08359881325421759
2025-03-05,20,Extreme Fear,65054.497215331765,0.010337622282757364,0.04044507554039134,5.0,-0.0013738464955744822,0.14090957607184618,0.12204105808326382
2025-03-06,25,Extreme Fear,66196.32568578863,0.017551876032142477,0.06610802776222724,5.0,-0.0060645066770115275,0.1829997841634996,0.13563884436941942
2025-03-07,34,Fear,65552.31566439578,-0.00972878803651045,0.04699825828997328,9.0,0.04044010201924397,0.17089922093742338,0.13380370703135003
2025-03-08,28,Fear,65939.56484266512,0.00590748281497655,0.07511542188765619,-6.0,0.05947537775238709,0.139997064186258,0.0793259587298254
2025-03-09,27,Fear,65980.67329908792,0.0006234262619246866,0.061698881799093774,-1.0,0.11616301487139125,0.12262052348527885,0.11560070821023283
2025-03-10,20,Extreme Fear,66162.38154092149,0.0027539616185769944,0.025049283113812493,-7.0,0.092118271949301,0.06049523101059151,0.10980630817547632
2025-03-11,24,Extreme Fear,64904.65146564661,-0.019009746112252146,0.008010422705071685,4.0,0.13793776424499526,0.06722860476563808,0.1667873470458876
2025-03-12,34,Fear,64965.12232231112,0.0009316875647429335,-0.0013738464955744822,10.0,0.14247916707179464,0.04639006607585516,0.11971925850103338
2025-03-13,45,Fear,65794.87762667354,0.012772319587820657,-0.0060645066770115275,11.0,0.1902178683733482,0.03745990188674564,0.08949331061697241
2025-03-14,27,Fear,68203.25799746162,0.036604374955349295,0.04044010201924397,-18.0,0.1253883992600724,0.009749012324207662,0.05160103168866659
2025-03-15,46,Fear,69861.34537051065,0.024310970204835858,0.05947537775238709,19.0,0.07600147027927417,0.032391418691266605,0.028282641811816278
2025-03-16,30,Fear,73645.18723275428,0.054162167106516,0.11616301487139125,-16.0,0.005785452956109438,0.002988702912707364,-0.03510982102683646
2025-03-17,32,Fear,72257.14579652151,-0.018847686975740796,0.092118271949301,2.0,-0.028955692575554304,0.007902760777589668,-0.0008399088792931941
2025-03-18,34,Fear,73857.45397791856,0.022147403744725347,0.13793776424499526,2.0,-0.06213798478361565,-0.03570361381761489,-0.04815801366193162
2025-03-19,32,Fear,74221.29883951126,0.004926311996910737,0.14247916707179464,-2.0,-0.08410577957602361,-0.02825746834887144,-0.05578470913414679
2025-03-20,49,Neutral,78310.23899870468,0.055091196504589934,0.1902178683733482,17.0,-0.12834454140347806,-0.10903473970569,-0.10200475151748967
2025-03-21,31,Fear,76755.15534208507,-0.019857986343846168,0.1253883992600724,-18.0,-0.10275509060862553,-0.04900437549446435,-0.0716259749287983
2025-03-22,32,Fear,75170.91033435763,-0.020640242348109683,0.07600147027927417,1.0,-0.04052973234013213,5.5985339732833594e-05,-0.034777772419019026
2025-03-23,30,Fear,74071.25799893324,-0.014628695203146691,0.005785452956109438,-2.0,-0.00278066265045096,0.003404836270656464,-0.04755472163616459
2025-03-24,45,Fear,70164.89009645043,-0.05273797162374472,-0.028955692575554304,15.0,0.037957540218639174,0.01432901760701899,-0.032642385838419385
2025-03-25,46,Fear,69268.10062648206,-0.012781171163178895,-0.06213798478361565,1.0,0.028185778437675335,0.06265489012859127,0.011620328054060325
2025-03-26,47,Neutral,67978.85863946915,-0.01861234789683286,-0.08410577957602361,1.0,0.06097681367756569,0.08015094497916042,0.03983440226158019
2025-03-27,40,Fear,68259.54728721916,0.004129057965486904,-0.12834454140347806,-7.0,0.022153021021493302,0.10944079039796639,0.016650017931783223
2025-03-28,44,Fear,68868.17240022999,0.008916336793882929,-0.10275509060862553,4.0,0.059906402980454576,0.05626004088536263,0.04720000544867964
2025-03-29,26,Fear,72124.25345874204,0.04727991095203188,-0.04052973234013213,-18.0,0.04230013065319138,-0.006116866247652619,0.0032725954335282026
2025-03-30,32,Fear,73865.2908183437,0.024139416023177374,-0.00278066265045096,6.0,0.0062027466670948606,-0.02900786445089898,0.008956774487734132
2025-03-31,34,Fear,72828.17673422284,-0.01404061464634887,0.037957540218639174,2.0,-0.022764440447769152,-0.01360693073125896,0.025524429670154225
2025-04-01,34,Fear,71220.47596353869,-0.02207525771997909,0.028185778437675335,0.0,0.03352420585245941,-0.002259997168464256,0.10318652841165199
2025-04-02,44,Fear,72123.99283674164,0.01268619538102378,0.06097681367756569,10.0,0.018072149225517142,0.0010047078452382063,0.13767886740502444
2025-04-03,25,Extreme Fear,69771.70247319054,-0.032614533264619716,0.022153021021493302,-19.0,0.08539599021019528,0.007580769972284518,0.1692645290161474
2025-04-04,28,Fear,72993.81688856559,0.04618081974727706,0.059906402980454576,3.0,-0.0034402680131362384,-0.039906552918338445,0.14532183003279342
2025-04-05,30,Fear,75175.11880331072,0.029883379274098898,0.04230013065319138,2.0,-0.04645206834091242,-0.06455455411572186,0.1305555473071296
2025-04-06,34,Fear,74323.45850478117,-0.011329018325303086,0.0062027466670948606,4.0,-0.03499355496158607,-0.04125165938943853,0.18317712826951738
2025-04-07,23,Extreme Fear,71170.28404203702,-0.042425023353041436,-0.022764440447769152,-11.0,0.00937083145102302,0.01947933043744743,0.20637722385100443
2025-04-08,24,Extreme Fear,73608.08586065049,0.03425308541938055,0.03352420585245941,1.0,-0.034623478403593366,-0.04156154695950964,0.1869846654997589
2025-04-09,18,Extreme Fear,73427.42839802736,-0.002454315453401912,0.018072149225517142,-6.0,-0.01676447135231285,-0.07562416167314301,0.22195916053442155
2025-04-10,39,Fear,75729.92609453978,0.03135746064850986,0.08539599021019528,21.0,-0.0716929313723016,-0.07469844098400902,0.13328035931137028
2025-04-11,25,Extreme Fear,72742.69859516714,-0.03944579974425766,-0.0034402680131362384,-14.0,-0.03659217178331953,-0.02826321809714749,0.1454857555184832
2025-04-12,43,Fear,71683.07904712312,-0.014566679110175618,-0.04645206834091242,18.0,-0.018984348005781637,-0.03190444807836612,0.10371788556306982
2025-04-13,45,Fear,71722.61647465895,0.0005515587229427688,-0.03499355496158607,2.0,-0.006485038996401071,0.005523139806848265,0.09621333666695464
2025-04-14,31,Fear,71837.20877811639,0.0015977150456847333,0.00937083145102302,-14.0,0.0100146533577683,0.007281438018520436,0.1146286055916006
2025-04-15,38,Fear,71059.51788952442,-0.010825739220937991,-0.034623478403593366,7.0,-0.0071869041774945686,0.04879526042578508,0.16969770598156342
2025-04-16,29,Fear,72196.45637817463,0.01599980583062499,-0.01676447135231285,-9.0,-0.05986326633434824,0.0344977877869832,0.15397132006417813
2025-04-17,30,Fear,70300.62570021447,-0.02625933145568171,-0.0716929313723016,1.0,-0.0032376243952880746,0.11762119963324946,0.23392157126013124
2025-04-18,33,Fear,70080.88527219054,-0.0031257250676682835,-0.03659217178331953,3.0,0.008645304140396659,0.17084626092463084,0.19568989604613174
2025-04-19,32,Fear,70322.22252836658,0.0034436958842443133,-0.018984348005781637,-1.0,-0.0131701263341929,0.1601108994821876,0.14142812822822193
2025-04-20,37,Fear,71257.49250989687,0.013299778475474477,-0.006485038996401071,5.0,0.012086560620203857,0.1732297754973522,0.12543638476831354
2025-04-21,39,Fear,72556.63352221885,0.018231640864173615,0.0100146533577683,2.0,-0.002706114540181548,0.1713559940254017,0.11644244090335332
2025-04-22,47,Neutral,70548.81994355345,-0.027672364071998357,-0.0071869041774945686,8.0,0.05638741555569493,0.2464817450824155,0.14784463345167165
2025-04-23,72,Greed,67874.5406816118,-0.03790678942725545,-0.05986326633434824,25.0,0.10036950024642866,0.2649545591191056,0.13199499087805133
2025-04-24,63,Greed,70073.01867944344,0.032390318604796686,-0.0032376243952880746,-9.0,0.12125139048834521,0.24686606656797316,0.09457977458253475
2025-04-25,60,Greed,70686.75583979687,0.008758537478755324,0.008645304140396659,-3.0,0.16081069937907233,0.2693370589648596,0.050228073524055894
2025-04-26,65,Greed,69396.06997356676,-0.01825923188716283,-0.0131701263341929,5.0,0.175593615921545,0.23671611213335253,0.08820213229522
2025-04-27,61,Greed,72118.75051276146,0.039233929820979396,0.012086560620203857,-4.0,0.15921880711309933,0.15539612744668663,0.057237006974275806
2025-04-28,54,Neutral,72360.28696125775,0.003349149101710358,-0.002706114540181548,-7.0,0.1745344186937725,0.0933883730851075,0.02947354011073533
2025-04-29,60,Greed,74526.8855706745,0.029941818923089114,0.05638741555569493,6.0,0.1799475521267211,0.0549654412381293,-0.012797448970238268
2025-04-30,56,Greed,74687.07440928108,0.002149410073693181,0.10036950024642866,-4.0,0.14957253798457515,0.07209726024553365,-0.0405089308246912
2025-05-01,53,Neutral,78569.46963004174,0.05198215690556229,0.12125139048834521,-3.0,0.1120307873374573,0.057893803469835525,-0.08889480094156932
2025-05-02,67,Greed,82053.94248323233,0.04434894202032735,0.16081069937907233,14.0,0.0934918670579441,0.015339879466521822,-0.10631780848440009
2025-05-03,65,Greed,81581.5768309699,-0.0057567697293636755,0.175593615921545,-2.0,0.05199287864785962,0.06329715475233133,-0.12284488152467454
2025-05-04,64,Greed,83601.41193989056,0.02475847105904294,0.15921880711309933,-1.0,-0.003297634271421712,0.0023156844070411076,-0.13282327876199185
2025-05-05,52,Neutral,84989.64758255544,0.016605409052935727,0.1745344186937725,-12.0,-0.06908783967259935,-0.05555835191064695,-0.15786935878539998
2025-05-06,59,Greed,87937.81619674563,0.03468856146657706,0.1799475521267211,7.0,-0.10592175106709267,-0.08803995565947009,-0.201828294183385
2025-05-07,67,Greed,85858.20968332006,-0.023648603108050836,0.14957253798457515,8.0,-0.06739485780938259,-0.05652231356725779,-0.18427414991655455
2025-05-08,65,Greed,87371.66917338176,0.01762742893945668,0.1120307873374573,-2.0,-0.04868299015105726,-0.07316541924064779,-0.2187496165217483
2025-05-09,73,Greed,89725.31876545487,0.02693836130568239,0.0934918670579441,8.0,-0.07147011326356845,-0.14367938596485896,-0.24939272064742646
2025-05-10,70,Greed,85823.23785504357,-0.043489184146689674,0.05199287864785962,-3.0,0.01074558234557732,-0.1062967221067681,-0.2383735549171131
2025-05-11,70,Greed,83325.72505873833,-0.02910065920052518,-0.003297634271421712,0.0,0.005631890593898126,-0.1090720739967933,-0.17662268660960223
2025-05-12,70,Greed,79117.89643654112,-0.05049855394874758,-0.06908783967259935,0.0,0.01453358151127171,-0.04551366101202825,-0.13163462850989682
2025-05-13,70,Greed,78623.28872017018,-0.006251527639737686,-0.10592175106709267,0.0,0.020000257727961435,-0.03022866150756698,-0.14102200374371165
2025-05-14,73,Greed,80071.80784994455,0.01842353777555439,-0.06739485780938259,3.0,0.01165825036798096,-0.06967255040581322,-0.15162879912958982
2025-05-15,70,Greed,83118.15506353258,0.03804519087787939,-0.04868299015105726,-3.0,-0.025735300468850086,-0.11483680671886554,-0.18461042759696922
2025-05-16,71,Greed,83312.64007067803,0.002339861935058307,-0.07147011326356845,1.0,-0.07776731124411018,-0.13984743710266467,-0.19060314223430108
2025-05-17,74,Greed,86745.45852457901,0.04120405320235632,0.01074558234557732,3.0,-0.11579798764070015,-0.17476887568804367,-0.210311766781609
2025-05-18,74,Greed,83795.00642592639,-0.03401275581264718,0.005631890593898126,0.0,-0.11406158223855711,-0.12488643096253149,-0.16661950882394183
2025-05-19,74,Greed,80267.76283340195,-0.042093720651987465,0.01453358151127171,0.0,-0.059187042812178126,-0.10848770210405045,-0.1411052536335412
2025-05-20,71,Greed,80195.77475799351,-0.0008968491567138415,0.020000257727961435,-3.0,-0.04924402602349609,-0.09599728270377217,-0.15228426001008033
2025-05-21,70,Greed,81005.30503327608,0.010094425519617145,0.01165825036798096,-1.0,-0.0803935526095012,-0.11644815872368908,-0.16611233889094534
2025-05-22,72,Greed,80979.0843685561,-0.0003236907102467379,-0.025735300468850086,2.0,-0.09145513153960538,-0.1332394369872778,-0.213435205908166
2025-05-23,78,Extreme Greed,76833.64005973308,-0.0511915433614446,-0.07776731124411018,6.0,-0.06731503514834392,-0.08846227998413181,-0.20199177503594323
2025-05-24,66,Greed,76700.50899046294,-0.001732718496307517,-0.11579798764070015,-12.0,-0.06669390843161804,-0.11005610073165373,-0.17289731725022628
2025-05-25,74,Greed,74237.21540929517,-0.03211573969442716,-0.11406158223855711,8.0,-0.012218511475466043,-0.09279359366774076,-0.10989157413914796
2025-05-26,73,Greed,75516.95131814363,0.017238468627801318,-0.059187042812178126,-1.0,-0.05240218995201407,-0.13442947030973051,-0.12999562667088282
2025-05-27,74,Greed,76246.61193883645,0.009662209715257664,-0.04924402602349609,1.0,-0.049174822940877494,-0.10017625845188594,-0.12548085700843536
2025-05-28,71,Greed,74493.0007814347,-0.022999201050513007,-0.0803935526095012,-3.0,-0.039206560824467274,-0.07772219121350121,-0.09749355366511814
2025-05-29,74,Greed,73573.131555673,-0.012348398052330345,-0.09145513153960538,3.0,-0.04599035985804356,-0.08206061675073617,-0.015429953381349781
2025-05-30,60,Greed,71661.58087853694,-0.025981640807141382,-0.06731503514834392,-14.0,-0.02267351317189026,-0.052063672769633196,0.03961496227396344
2025-05-31,50,Neutral,71585.05226719451,-0.0010679168726706045,-0.06669390843161804,-10.0,-0.046460847830926855,-0.05324261462834079,0.03790044972555773
2025-06-01,56,Greed,73330.14714091005,0.024377922742891744,-0.012218511475466043,6.0,-0.08157176777288166,-0.08041928572987478,-0.01051561356435382
2025-06-02,64,Greed,71559.69769057327,-0.02414354149507847,-0.05240218995201407,8.0,-0.08656339164984206,-0.042731172814639784,-0.026270535610479206
2025-06-03,64,Greed,72497.19829690237,0.013100958173172916,-0.049174822940877494,0.0,-0.05363913024343181,-0.03674727777275655,-0.033513884838228925
2025-06-04,62,Greed,71572.3864153003,-0.012756518918353721,-0.039206560824467274,-2.0,-0.04008731618950745,-0.03675756457018253,-0.03907025061954972
2025-06-05,57,Greed,70189.47675954441,-0.019321832413572437,-0.04599035985804356,-5.0,-0.03780911153824962,-0.03143286313509974,-0.05451249862305674
2025-06-06,45,Fear,70036.76108056896,-0.00217576317741508,-0.02267351317189026,-12.0,-0.03007199742752087,-0.03551615880813419,-0.06731896059130793
2025-06-07,52,Neutral,68259.15004683944,-0.025381114236345037,-0.046460847830926855,7.0,-0.007112205914132641,-0.06686068053307348,-0.06845405161644635
2025-06-08,62,Greed,67348.47740758049,-0.013341400217173005,-0.08157176777288166,10.0,0.0012548416986402078,-0.08960262975902733,-0.015591915045330862
2025-06-09,62,Greed,65365.24755303988,-0.02944728568306698,-0.08656339164984206,0.0,0.04798605446126336,-0.02946597574180332,0.03710588126644643
2025-06-10,71,Greed,68608.51163517091,0.049617559843238235,-0.05363913024343181,9.0,0.01784927189035246,-0.036866281262011524,-0.011656816021859195
2025-06-11,72,Greed,68703.24153063254,0.0013807309501969733,-0.04008731618950745,1.0,0.0034688067732442374,-0.04371210959568084,0.02395524052298792
2025-06-12,71,Greed,67535.67500393142,-0.01699434409045375,-0.03780911153824962,-1.0,0.006626801895145196,-0.01268297496278692,0.044153508119556095
2025-06-13,61,Greed,67930.6157815222,0.005847883767620354,-0.03007199742752087,-10.0,-0.0056129541225473645,-0.010307611102775338,0.016208232521470745
2025-06-14,63,Greed,67773.67691618264,-0.0023102818005404924,-0.007112205914132641,2.0,-0.06017646200792515,0.06882059321105993,0.057812592893252246
2025-06-15,60,Greed,67432.98908537145,-0.005026845912942446,0.0012548416986402078,-3.0,-0.0907436026012386,0.10480719766424396,0.07796501933013156
2025-06-16,61,Greed,68501.86788199401,0.015850977557428703,0.04798605446126336,1.0,-0.073905592420199,0.08461506582185185,0.034109340165277
2025-06-17,68,Greed,69833.12361333949,0.019433860309309825,0.01784927189035246,7.0,-0.053756046856275774,0.03903465714512078,0.010026495635081067
2025-06-18,52,Neutral,68941.55980019784,-0.012767061918612876,0.0034688067732442374,-16.0,-0.047017820634245866,0.010708001183315163,0.0011517978681849783
2025-06-19,57,Greed,67983.22054303739,-0.013900748110977634,0.006626801895145196,5.0,-0.01918265718891865,0.0306592565400583,-0.019379487621011493
2025-06-20,54,Neutral,67549.32435162412,-0.006382401244709901,-0.0056129541225473645,-3.0,-0.00472115661571737,0.01816022589072186,0.010209468443892256
2025-06-21,49,Neutral,63695.29682209858,-0.05705501226723786,-0.06017646200792515,-5.0,0.13725667639117267,0.04188654917002377,0.12294846517507452
2025-06-22,42,Fear,61313.87672159484,-0.03738769138881737,-0.0907436026012386,-7.0,0.21506673015985633,0.0653699066860145,0.12628825375696073
2025-06-23,47,Neutral,63439.19675428504,0.03466295309201439,-0.073905592420199,5.0,0.17117116456444137,0.0023225059504452528,0.10435191050119808
2025-06-24,65,Greed,66079.17094826071,0.04161424370174349,-0.053756046856275774,18.0,0.09806213682329634,0.0033174556823667434,0.043445968766840926
2025-06-25,66,Greed,65700.077907267,-0.0057369521371649634,-0.047017820634245866,1.0,0.060573873328858774,0.031820430462482285,0.037139352011949844
2025-06-26,74,Greed,66679.12172876165,0.01490171477234048,-0.01918265718891865,8.0,0.050816713320063434,0.016941331551120875,0.007215396588005962
2025-06-27,65,Greed,67230.41341207421,0.008267830604534954,-0.00472115661571737,-9.0,0.022989921526549217,0.04638720239631122,-0.022194906495953015
2025-06-28,65,Greed,72437.90156564905,0.07745732755883372,0.13725667639117267,0.0,-0.08385980860871656,-0.02650945907553004,-0.09100281199053639
2025-06-29,68,Greed,74500.45170153277,0.02847335567851128,0.21506673015985633,3.0,-0.12320049570787561,-0.07340627579019698,-0.13415673132790906
2025-06-30,66,Greed,74298.15794174874,-0.0027153360169476226,0.17117116456444137,-2.0,-0.14417077855292904,-0.03507905317350435,-0.12556575589469798
2025-07-01,64,Greed,72559.03565095903,-0.023407340625499873,0.09806213682329634,-2.0,-0.08628353347564344,0.0018104944582488791,-0.10535943605924702
2025-07-02,63,Greed,69679.78610411794,-0.039681474829565744,0.060573873328858774,-1.0,-0.027111211759466736,0.016627997245694637,-0.0735724635148064
2025-07-03,73,Greed,70067.53554208574,0.005564733470742933,0.050816713320063434,10.0,-0.03223719354625887,0.006647437743364071,-0.09922509068229735
2025-07-04,73,Greed,68776.03534061526,-0.01843221959326291,0.022989921526549217,0.0,0.022871467623891917,0.003561287009010705,-0.09516895465074793
2025-07-05,67,Greed,66363.27300433668,-0.03508143969522681,-0.08385980860871656,-6.0,0.06259997113115645,0.004557755277239783,-0.04418441061424039
2025-07-06,66,Greed,65321.95912144329,-0.015691117025306123,-0.12320049570787561,-1.0,0.05679088511561092,0.04465585485781021,-0.016397584187873404
2025-07-07,73,Greed,63586.53466623833,-0.02656724443886538,-0.14417077855292904,7.0,0.12746903546360344,0.12486922240195386,-0.013844697887868018
2025-07-08,65,Greed,66298.38566940911,0.042648196153558526,-0.08628353347564344,-8.0,0.09641287112728647,0.041610567837678136,-0.05145966563170823
2025-07-09,66,Greed,67790.68266769485,0.022508798415197484,-0.027111211759466736,1.0,0.04495807694964138,0.0334635288994114,-0.05455068143810404
2025-07-10,71,Greed,67808.75483750615,0.0002665878126626442,-0.03223719354625887,5.0,0.04017991911893315,0.0168310081883436,-0.093882924155965
2025-07-11,71,Greed,70349.04420620778,0.03746255737609494,0.022871467623891917,0.0,-0.01887840381327499,-0.03139926069010246,-0.11440135555648157
2025-07-12,79,Extreme Greed,70517.6119785772,0.002396162936845636,0.06259997113115645,8.0,-0.05462282837456656,-0.04761043160994394,-0.13081555703479164
2025-07-13,74,Greed,69031.6509974358,-0.021072196568324264,0.05679088511561092,-5.0,-0.011482905869757976,-0.047708699953434186,-0.09910283536155484
2025-07-14,74,Greed,71691.84890861671,0.038535916101437584,0.12746903546360344,0.0,-0.002305884223756438,-0.08154344139718184,-0.14875756164623677
2025-07-15,73,Greed,72690.40338290099,0.013928424074501233,0.09641287112728647,-1.0,-0.049983272481344376,-0.11259655172066219,-0.19801996783054654
2025-07-16,70,Greed,70838.4213955378,-0.025477668318990565,0.04495807694964138,-3.0,-0.011000008807802164,-0.08285853498279883,-0.21023321537113004
2025-07-17,74,Greed,70533.3051224327,-0.004307214462070497,0.04017991911893315,4.0,-0.022446992584097214,-0.07966518141901746,-0.20557237588633714
2025-07-18,73,Greed,69020.96654180506,-0.021441481836169562,-0.01887840381327499,-1.0,-0.012761778892128817,-0.06472951890416989,-0.18259902742985668
2025-07-19,74,Greed,66665.7405620871,-0.03412334103277781,-0.05462282837456656,1.0,0.0074175651529282405,-0.05326067869512541,-0.17254889985838617
2025-07-20,72,Greed,68238.96704699827,0.023598725096978246,-0.011482905869757976,-2.0,-0.03664660358306693,-0.08804756805058578,-0.17843141352083125
2025-07-21,71,Greed,71526.5358052464,0.04817729371524471,-0.002305884223756438,-1.0,-0.07942069209436564,-0.11318156001684165,-0.24847369906501138
2025-07-22,72,Greed,69057.09914383461,-0.03452476250402525,-0.049983272481344376,1.0,-0.06590755449417951,-0.06959838171585164,-0.22261284612127707
2025-07-23,74,Greed,70059.19813625609,0.014511165468075626,-0.011000008807802164,2.0,-0.07265776219914233,-0.10495409636158892,-0.25666548386716403
2025-07-24,71,Greed,68950.0445454176,-0.01583166265593472,-0.022446992584097214,-3.0,-0.05853205749545265,-0.08793832802362245,-0.2567565997505281
2025-07-25,70,Greed,68140.13622787752,-0.011746305936127244,-0.012761778892128817,-1.0,-0.052639513848768194,-0.05939937486071212,-0.24677539886836009
2025-07-26,72,Greed,67160.23803617459,-0.014380631533020494,0.0074175651529282405,2.0,-0.06023147297301945,-0.08513322098573861,-0.25196659556772893
2025-07-27,73,Greed,65738.24067270895,-0.021173203148858732,-0.03664660358306693,1.0,-0.05335629132434472,-0.05228649946546482,-0.24287797083941376
2025-07-28,75,Greed,65845.8488284813,0.0016369187047171607,-0.07942069209436564,2.0,-0.03667350290469129,-0.06914691848691878,-0.22484977780551774
2025-07-29,73,Greed,64505.714618802376,-0.020352599799719817,-0.06590755449417951,-2.0,-0.0039512440545149685,-0.03589288140723723,-0.21989894529562604
2025-07-30,74,Greed,64968.8535782094,0.007179812860673707,-0.07265776219914233,1.0,-0.03482676928318895,-0.06067075353890772,-0.2090277275814575
2025-07-31,72,Greed,64914.25657377119,-0.0008403565929092638,-0.05853205749545265,-2.0,-0.031234489461151038,-0.10194993949935705,-0.23046726977442689
2025-08-01,65,Greed,64553.27258325321,-0.005560935448867821,-0.052639513848768194,-7.0,-0.007135468610694029,-0.13333855814069695,-0.21566967049760466
2025-08-02,55,Greed,63115.07797403719,-0.022279189755425755,-0.06023147297301945,-10.0,-0.026497746303015157,-0.11219936966016175,-0.16863546023203757
2025-08-03,53,Neutral,62230.69195222601,-0.014012278051450333,-0.05335629132434472,-2.0,0.001130089229005371,-0.09340867971845368,-0.20866064454639954
2025-08-04,64,Greed,63431.05090020813,0.019288857480544097,-0.03667350290469129,11.0,-0.03370966715868784,-0.13035272808835996,-0.23886525322574104
2025-08-05,60,Greed,64250.836797432596,0.012924047222773849,-0.0039512440545149685,-4.0,-0.03206834721900953,-0.12743561805499837,-0.237508677485328
2025-08-06,54,Neutral,62706.198304047815,-0.024040752936100307,-0.03482676928318895,-6.0,-0.026776524082133046,-0.14276300706718315,-0.22245841064712457
2025-08-07,62,Greed,62886.69291093928,0.0028784173139677627,-0.031234489461151038,8.0,-0.07299542486692423,-0.14633606453794124,-0.21726699711263708
2025-08-08,74,Greed,64092.65473301783,0.019176740996484698,-0.007135468610694029,12.0,-0.1271100795124669,-0.18746663928650908,-0.24336698126640866
2025-08-09,67,Greed,61442.67064998613,-0.0413461432370118,-0.026497746303015157,-7.0,-0.08803433482735656,-0.16594339059218133,-0.20879737011214172
2025-08-10,69,Greed,62301.018186914764,0.013969893037662606,0.001130089229005371,2.0,-0.09443205230227925,-0.17617996583435402,-0.2225123174872098
2025-08-11,70,Greed,61292.81128683633,-0.016182831828745137,-0.03370966715868784,1.0,-0.10001451700908537,-0.18035899404942346,-0.18642883471531402
2025-08-12,68,Greed,62190.41865390061,0.014644578184930701,-0.03206834721900953,-2.0,-0.09852686453840676,-0.1996858800942214,-0.19284792483710333
2025-08-13,73,Greed,61027.14427506047,-0.0187050417736202,-0.026776524082133046,5.0,-0.11917764609578585,-0.16364390049232735,-0.17029379491726138
2025-08-14,75,Greed,58296.25204342948,-0.04474881241898465,-0.07299542486692423,2.0,-0.07911572568073755,-0.136805982465236,-0.14013383454912276
2025-08-15,60,Greed,55945.832293738844,-0.04031853965396648,-0.1271100795124669,-15.0,-0.0691456715874682,-0.08145862445351493,-0.11469070416012495
2025-08-16,56,Greed,56033.60600929826,0.001568905349348837,-0.08803433482735656,-4.0,-0.085429812481017,-0.10850561565700134,-0.12540208944989095
2025-08-17,64,Greed,56417.805179002775,0.006856584772373164,-0.09443205230227925,8.0,-0.09027253420343251,-0.10256896036564545,-0.12256495152850289
2025-08-18,60,Greed,55162.64036985438,-0.022247671726434604,-0.10001451700908537,-4.0,-0.08927308113163102,-0.04878306403586308,-0.11181307497005333
2025-08-19,56,Greed,56062.99169960094,0.016321759141873615,-0.09852686453840676,-4.0,-0.11221523035627323,-0.12160243030240181,-0.11952341047588955
2025-08-20,44,Fear,53754.07287241085,-0.04118436703417183,-0.11917764609578585,-12.0,-0.05048265884652714,-0.10184337140089661,-0.03382733457809206
2025-08-21,50,Neutral,53684.10175854638,-0.0013016895302156994,-0.07911572568073755,6.0,-0.06264658697439951,-0.08742618545257619,-0.011259241207365434
2025-08-22,50,Neutral,52077.42014726841,-0.029928443592188603,-0.0691456715874682,0.0,-0.013227582974282504,-0.06376550616892784,0.011187149116969719
2025-08-23,60,Greed,51246.665555288724,-0.015952299281155158,-0.085429812481017,10.0,-0.02523130918861871,-0.039479165122870974,0.05868603018842289
2025-08-24,53,Neutral,51324.82693129865,0.001525199252731868,-0.09027253420343251,-7.0,-0.01351660428482937,-0.05514306177386574,0.04654134233697982
2025-08-25,47,Neutral,50238.10150068138,-0.02117348456083279,-0.08927308113163102,-6.0,0.044459009892975576,-0.03233599293271061,0.014952662856067445
2025-08-26,48,Neutral,49771.870171568386,-0.009280432882334821,-0.11221523035627323,1.0,-0.010573733935417273,-0.026794169450330085,-0.0011212481230945537
2025-08-27,51,Neutral,51040.42434998157,0.025487372165047484,-0.05048265884652714,3.0,-0.054091389728571415,-0.02300843816899434,-0.07128109927175041
2025-08-28,48,Neutral,50320.97600858709,-0.014095657521600247,-0.06264658697439951,-3.0,-0.02643570518209637,-0.002461210943538905,-0.06606904981254247
2025-08-29,50,Neutral,51388.56175118384,0.021215521384453595,-0.013227582974282504,2.0,-0.0512153788681835,-0.014671776013837734,-0.08484715004626953
2025-08-30,39,Fear,49953.6450917775,-0.027922880316324172,-0.02523130918861871,-11.0,-0.01461665323123229,0.0034698091129410358,-0.01889676754915992
2025-08-31,48,Neutral,50631.089555680934,0.01356146208467468,-0.01351660428482937,9.0,-0.042196815141382515,-0.021759835156690555,-0.023903726391607094
2025-09-01,46,Fear,52471.63775230449,0.03635213487948796,0.044459009892975576,-2.0,-0.07352610499626522,-0.06603115824857264,-0.06310110434912852
2025-09-02,49,Neutral,49245.59565890609,-0.06148163525268879,-0.010573733935417273,3.0,-0.01639377897195826,0.005226131586879346,0.019182909844103646
2025-09-03,55,Greed,48279.57686455505,-0.019616349064839333,-0.054091389728571415,6.0,0.03286041719258459,0.014812869302583964,-0.017675890713234055
2025-09-04,51,Neutral,48990.70552234873,0.014729388780450714,-0.02643570518209637,-4.0,0.02462548633528283,0.007581973026801414,-0.026035759543915238
2025-09-05,48,Neutral,48756.67709160592,-0.004776996539395784,-0.0512153788681835,-3.0,0.038516225959430495,0.06520212127749891,-0.0023047378358769244
2025-09-06,48,Neutral,49223.48998383494,0.009574337712801029,-0.01461665323123229,0.0,0.018354747320910025,0.0783400267895995,-0.04810105802504683
2025-09-07,44,Fear,48494.61882929308,-0.014807384742146823,-0.042196815141382515,-4.0,0.021337348118871224,0.08589404934705458,-0.005978643200773459
2025-09-08,51,Neutral,48613.60260560255,0.002453545964105963,-0.07352610499626522,7.0,0.008089754917123049,0.11602773728334626,0.00016960845256930313
2025-09-09,48,Neutral,48438.27424833155,-0.0036065699284503205,-0.01639377897195826,-3.0,0.021980249917737282,0.10890724546704122,-0.006442320951917546
2025-09-10,49,Neutral,49866.06390220579,0.02947647652668839,0.03286041719258459,1.0,-0.01747336580005232,0.022524957954311198,-0.019443424043320223
2025-09-11,54,Neutral,50197.125471745196,0.006639015467285736,0.02462548633528283,5.0,-0.016633895541130816,-0.00958345546022088,0.029564296310710336
2025-09-12,57,Greed,50634.6002834972,0.008715136726270334,0.038516225959430495,3.0,0.025696175611906957,-0.06383764205466502,0.025493605450749968
2025-09-13,52,Neutral,50126.97470474157,-0.010025270781510942,0.018354747320910025,-5.0,0.05890410942404789,-0.062454552366701055,0.04249057585394156
2025-09-14,55,Greed,49529.36539314568,-0.011921910610323883,0.021337348118871224,3.0,0.06320800991668984,-0.05049482527536342,0.04313697593547139
2025-09-15,53,Neutral,49006.87473632029,-0.010549108648537087,0.008089754917123049,-2.0,0.10707179776377851,5.72967760086307e-05,0.03204101454726849
2025-09-16,52,Neutral,49502.95962189378,0.010122761107347777,0.021980249917737282,-1.0,0.08505741236809716,-0.0016593306438282829,0.04308057712079938
2025-09-17,53,Neutral,48994.73592663376,-0.010266531519364963,-0.01747336580005232,1.0,0.04070965850908803,0.003385742026271732,0.03152067559452232
2025-09-18,52,Neutral,49362.15173018315,0.007499087332556886,-0.016633895541130816,-1.0,0.007169700123831113,0.01677637058841075,0.025842848413125674
2025-09-19,53,Neutral,51935.715864420665,0.05213638474077853,0.025696175611906957,1.0,-0.08729077849311295,-0.08682894707713062,-0.036475857947446566
2025-09-20,48,Neutral,53079.659507846154,0.022026145676162123,0.05890410942404789,-5.0,-0.11460779187716774,-0.1010644051620393,-0.045801917917112966
2025-09-21,49,Neutral,52660.01801208298,-0.007905881455421593,0.06320800991668984,1.0,-0.10694317022777378,-0.0762573282447474,-0.0300241848548245
2025-09-22,45,Fear,54254.128917122405,0.030271750090811844,0.10707179776377851,-4.0,-0.09666446313954791,-0.13636456853812529,-0.033958354033057914
2025-09-23,43,Fear,53713.55327189446,-0.0099637696893764,0.08505741236809716,-2.0,-0.07991903656293109,-0.10256008270117056,-0.03652896424720964
2025-09-24,44,Fear,50989.29489494997,-0.05071826775552302,0.04070965850908803,1.0,-0.0358639089948356,-0.04643027553750567,0.008251809859278314
2025-09-25,44,Fear,49716.06355555561,-0.024970561801600177,0.007169700123831113,0.0,0.009538283829823913,-0.03197848145222171,0.008923020808825566
2025-09-26,28,Fear,47402.20679501827,-0.046541431381664,-0.08729077849311295,-16.0,0.0005060006024917296,0.031523639560229855,0.04657226201385778
2025-09-27,33,Fear,46996.316938059994,-0.008562678499620668,-0.11460779187716774,5.0,0.015296482836507641,0.09968549729657128,0.06571940249631214
2025-09-28,37,Fear,47028.38874161916,0.0006824322765852653,-0.10694317022777378,4.0,0.034360458326994525,0.10413008386417788,0.08529760473091552
2025-09-29,50,Neutral,49009.68267224495,0.04212974298378169,-0.09666446313954791,13.0,-0.0439483489563085,0.06625662270113031,0.017558456871399786
2025-09-30,50,Neutral,49420.81784403298,0.008388856025400626,-0.07991903656293109,0.0,-0.024607667192310223,0.045428114914271234,0.031169441911519602
2025-10-01,49,Neutral,49160.61946312665,-0.005264954977626801,-0.0358639089948356,-1.0,-0.010959413967849718,0.02881341356161493,0.07189952792385301
2025-10-02,64,Greed,50190.269480650066,0.020944610315492884,0.009538283829823913,15.0,-0.041124508051884945,0.02879654215643801,0.06090109711205938
2025-10-03,63,Greed,47426.19234021599,-0.05507197249657558,0.0005060006024917296,-1.0,0.03100195195137223,0.06563653141432679,0.1755580225754083
2025-10-04,71,Greed,47715.1952934821,0.006093741432854793,0.015296482836507641,8.0,0.08311760740498175,0.06125124340859833,0.1459859898631486
2025-10-05,74,Greed,48644.30573316126,0.01947200328877363,0.034360458326994525,3.0,0.06745194576562885,0.02871888735863881,0.08926323160593297
2025-10-06,71,Greed,46855.78803592718,-0.03676725713889317,-0.0439483489563085,-3.0,0.11527093911414887,0.08094456251945203,0.08069732512343486
2025-10-07,70,Greed,48204.68680615523,0.028788306136133368,-0.024607667192310223,-1.0,0.07180267852319666,0.05962609200704461,0.08987523580747747
2025-10-08,60,Greed,48621.84788351431,0.008653952654782415,-0.010959413967849718,-10.0,0.04021354440976599,0.07794644344174118,0.09833340421754544
2025-10-09,70,Greed,48126.2193392668,-0.010193535742099136,-0.041124508051884945,10.0,0.07291984287372566,0.07532761798744003,0.10823698171547846
2025-10-10,64,Greed,48896.4968763839,0.016005361478470093,0.03100195195137223,-6.0,0.03359312695519323,0.051405563700246626,0.09854369051778766
2025-10-11,27,Fear,51681.16816313778,0.05695032291973501,0.08311760740498175,-37.0,-0.020188356136848773,-0.029439875142533545,0.010230509280953592
2025-10-12,24,Extreme Fear,51925.458805281116,0.0047268792642651825,0.06745194576562885,-3.0,-0.03628552888084213,-0.04459515753252574,0.06707380569336796
2025-10-13,38,Fear,52256.89872576201,0.006382994548469689,0.11527093911414887,14.0,-0.030778508962102102,-0.041564118268936356,0.06385353270667515
2025-10-14,38,Fear,51665.91243620897,-0.011309249189364712,0.07180267852319666,0.0,-0.011360847253087392,-0.012118527498152787,0.0790880428597196
2025-10-15,34,Fear,50577.104722662894,-0.021074005320053324,0.04021354440976599,-4.0,0.036274185463894826,-0.013976435678011434,0.12244330232613443
2025-10-16,28,Fear,51635.57569159259,0.02092786795000956,0.07291984287372566,-6.0,0.002244133268395343,-0.013059572349457316,0.11277815847704531
2025-10-17,22,Extreme Fear,50539.083103616475,-0.021235215707194,0.03359312695519323,-6.0,0.01723350927992917,0.04266325304977436,0.1434100021322886
2025-10-18,23,Extreme Fear,50637.81033469198,0.001953482829775366,-0.020188356136848773,1.0,-0.009442140296688328,0.051524771794725144,0.11875373705291747
2025-10-19,29,Fear,50041.31607015111,-0.011779621997837775,-0.03628552888084213,6.0,-0.008622500647970543,0.1141241930485648,0.14555564949437483
2025-10-20,29,Fear,50648.50929999948,0.012133838146805909,-0.030778508962102102,0.0,-0.011128116128837018,0.07961608477024007,0.18519683835223644
2025-10-21,34,Fear,51078.94389682981,0.00849846526145126,-0.011360847253087392,5.0,-0.0007663870512918391,0.03734434621736216,0.21486332366765448
2025-10-22,25,Extreme Fear,52411.7479995996,0.026093023878132726,0.036274185463894826,-9.0,-0.0484916268751896,-0.03386307975524894,0.23125223261245753
2025-10-23,27,Fear,51751.45280483484,-0.01259822883163153,0.002244133268395343,2.0,-0.015269438961888482,0.015181053911897058,0.23115589526135194
2025-10-24,30,Fear,51410.048861281764,-0.006596992452377659,0.01723350927992917,3.0,0.024998924571258074,0.03876578389068808,0.20879964856527744
2025-10-25,37,Fear,50159.681025194724,-0.024321467568740762,-0.009442140296688328,7.0,0.06154805748517722,0.06330931480876734,0.23516449768877923
2025-10-26,40,Fear,49609.83478991093,-0.01096191650436562,-0.008622500647970543,3.0,0.12381428242699011,0.0827477728851087,0.2507226374756062
2025-10-27,51,Neutral,50084.88680675661,0.009575762928004883,-0.011128116128837018,11.0,0.09176537666723661,0.042428088838927014,0.272875133335335
2025-10-28,50,Neutral,51039.79765563362,0.019065848198107416,-0.0007663870512918391,-1.0,0.03813996324261981,0.08559005883146797,0.19633815759949202
2025-10-29,51,Neutral,49870.21707172655,-0.022915070937354676,-0.0484916268751896,1.0,0.015374060316358129,0.11476728159691896,0.2713387731112147
2025-10-30,34,Fear,50961.237155042356,0.02187718737511468,-0.015269438961888482,-17.0,0.03092266461364246,0.09400931856761252,0.23933207063936335
2025-10-31,29,Fear,52695.244794969636,0.03402601146930184,0.024998924571258074,-5.0,0.013431096354748373,0.07732552847766283,0.1858799294315896
2025-11-01,33,Fear,53246.911956371565,0.010469012214449291,0.06154805748517722,4.0,0.0016591404516932418,0.07910372111479602,0.14401646734336104
2025-11-02,37,Fear,55752.24088574528,0.047051159162553535,0.12381428242699011,4.0,-0.03654207833450396,0.036494537281369865,0.047514783036346486
2025-11-03,42,Fear,54680.94530991453,-0.019215291776812804,0.09176537666723661,5.0,-0.04519037595689135,0.03603255625944213,0.09012377421882545
2025-11-04,21,Extreme Fear,52986.45366213024,-0.030988704349942053,0.03813996324261981,-21.0,0.04570683845041312,0.0818824127734723,0.12716018665300988
2025-11-05,23,Extreme Fear,50636.924796977146,-0.04434206675039887,0.015374060316358129,2.0,0.09788828094504698,0.18546798270807963,0.14154139365773277
2025-11-06,27,Fear,52537.09439988403,0.03752537521828958,0.03092266461364246,4.0,0.06119436124494637,0.1811451748666424,0.06474112966579604
2025-11-07,24,Extreme Fear,53402.99970524793,0.01648178901507369,0.013431096354748373,-3.0,0.06304763328532026,0.20839806931832183,0.03878855827804961
2025-11-08,20,Extreme Fear,53335.25606192613,-0.0012685362937607803,0.0016591404516932418,-4.0,0.07731630205878193,0.19459642483079675,0.08361135042084
2025-11-09,22,Extreme Fear,53714.938131974246,0.007118782173039184,-0.03654207833450396,2.0,0.07580675188140851,0.15693047702216667,0.06907732721711923
2025-11-10,29,Fear,52209.89283368128,-0.028019120018255683,-0.04519037595689135,7.0,0.08506714864519038,0.18666126006191974,0.05867377507826976
2025-11-11,26,Fear,55408.29693972553,0.06126049935082256,0.04570683845041312,-3.0,0.03459437482178673,0.11983487744920107,-0.008465142418312088
2025-11-12,24,Extreme Fear,55593.68631769686,0.003345877570880784,0.09788828094504698,-2.0,0.07977105073718893,0.14674545249469606,-0.018409151071433927
2025-11-13,15,Extreme Fear,55752.068333350384,0.0028489209143001126,0.06119436124494637,-9.0,0.11303378344469794,0.09522138490897114,-0.08709085682275508
2025-11-14,16,Extreme Fear,56769.93244700047,0.018256974926277536,0.06304763328532026,1.0,0.13672993709961978,0.11682254767433164,-0.10458405531706916
2025-11-15,10,Extreme Fear,57458.94082999248,0.012136854022774424,0.07731630205878193,-6.0,0.1088632210873346,0.099183080185409,-0.12033768763425035
2025-11-16,10,Extreme Fear,57786.893119270026,0.005707593710226444,0.07580675188140851,0.0,0.07540733965360058,0.08139112185632458,-0.11001550365212376
2025-11-17,14,Extreme Fear,56651.2395481135,-0.0196524420998474,0.08506714864519038,4.0,0.09362933118340133,0.07526939567732116,-0.05011654540910215
2025-11-18,11,Extreme Fear,57325.11233229525,0.011895111025936655,0.03459437482178673,-3.0,0.08239026298794383,0.01877334625509408,-0.03474588339274787
2025-11-19,15,Extreme Fear,60028.45308961323,0.04715805425112096,0.07977105073718893,4.0,0.062026483958596446,-0.006987596530096063,-0.08431426899641825
2025-11-20,11,Extreme Fear,62053.935551936316,0.03374203995061076,0.11303378344469794,-4.0,-0.016003466202615835,-0.03754338111397737,-0.13861224095912394
2025-11-21,14,Extreme Fear,64532.08173962851,0.039935358904321205,0.13672993709961978,3.0,-0.017512857518367175,-0.10425722919479063,-0.11831344294052415
2025-11-22,11,Extreme Fear,63714.10620901203,-0.01267548649548944,0.1088632210873346,-3.0,-0.008729788054863463,-0.12204049355747071,-0.10557507324321458
2025-11-23,13,Extreme Fear,62144.44899624114,-0.024635944944776944,0.07540733965360058,2.0,0.0055642006355018925,-0.10733096893508509,-0.08256358999679714
2025-11-24,19,Extreme Fear,61955.45721771403,-0.0030411691080974856,0.09362933118340133,6.0,-0.016788078906235238,-0.06715741531513286,-0.08021808371019434
2025-11-25,20,Extreme Fear,62048.14341316648,0.0014960134202020026,0.08239026298794383,1.0,-0.05877447248761736,-0.07450216346717642,-0.07694118561113195
2025-11-26,15,Extreme Fear,63751.80697223548,0.02745712386146093,0.062026483958596446,-5.0,-0.06498338933267411,-0.13299329120604708,-0.10474911735943071
2025-11-27,22,Extreme Fear,61060.8574915916,-0.04220977582354346,-0.016003466202615835,7.0,-0.021890234539989617,-0.10025407320000301,-0.07859365770124205
2025-11-28,25,Extreme Fear,63401.94058675878,0.038340160805792056,-0.017512857518367175,3.0,-0.08829059223850877,-0.1392967905614354,-0.12464529134180491
2025-11-29,28,Fear,63157.895565702296,-0.0038491727350605798,-0.008729788054863463,3.0,-0.1143085953125349,-0.19413760581032824,-0.12187956526864763
2025-11-30,28,Fear,62490.233178838935,-0.010571320986602517,0.0055642006355018925,0.0,-0.11227047412710078,-0.18654963974705463,-0.12444962351313782
2025-12-01,24,Extreme Fear,60915.34411327117,-0.025202163369444253,-0.016788078906235238,-4.0,-0.051229379270406716,-0.1702506898325764,-0.11771236266352392
2025-12-02,23,Extreme Fear,58401.29651522159,-0.04127117124011881,-0.05877447248761736,-1.0,-0.01670980070114192,-0.11937847210536445,-0.07717142559840584
2025-12-03,28,Fear,59608.99847909721,0.02067936905409007,-0.06498338933267411,5.0,-0.07273657077047424,-0.09724913181206085,-0.10152037208436349
2025-12-04,26,Fear,59724.22099988778,0.001932971929246241,-0.021890234539989617,-2.0,-0.08011763242457604,-0.07351992646626382,-0.06942444903534428
2025-12-05,28,Fear,57804.1457032831,-0.032149022029241525,-0.08829059223850877,2.0,-0.05594567511172399,-0.04907862092571791,-0.10211388817502776
2025-12-06,23,Extreme Fear,55938.40524069109,-0.03227693169568013,-0.1143085953125349,-5.0,-0.0901318563952449,-0.044440036237096914,-0.04672898238820333
2025-12-07,20,Extreme Fear,55474.425071537604,-0.008294483318876944,-0.11227047412710078,-3.0,-0.08367319488096958,0.025645040854800127,-0.008686304731545968
2025-12-08,20,Extreme Fear,57794.68884630506,0.04182582824022685,-0.051229379270406716,0.0,-0.1254479301547552,-0.013966751669553079,-0.0976804852148141
2025-12-09,22,Extreme Fear,57425.42248976394,-0.006389278390668718,-0.01670980070114192,2.0,-0.10441339848340925,-0.007171776595962243,-0.09953695408495566
2025-12-10,26,Fear,55273.24434266526,-0.03747779387225769,-0.07273657077047424,4.0,-0.026435379924294344,0.03097818559445642,-0.0730360481224307
2025-12-11,29,Fear,54939.257814974626,-0.006042462888917743,-0.08011763242457604,3.0,0.007172336584407191,0.04249835130420854,-0.1000886873473702
2025-12-12,29,Fear,54570.25374765647,-0.006716582676833727,-0.05594567511172399,0.0,0.0072740032061384685,0.045878615953404145,-0.11149451224161067
2025-12-13,23,Extreme Fear,50896.572932558105,-0.06732020767369307,-0.0901318563952449,-6.0,0.05021806783686733,0.10541551458689469,-0.07367722523902476
2025-12-14,21,Extreme Fear,50832.702691617094,-0.0012549025850059348,-0.08367319488096958,-2.0,0.11930048878311417,0.0918008347378092,-0.03174977153674163
2025-12-15,16,Extreme Fear,50544.464756597976,-0.0056703248058194156,-0.1254479301547552,-5.0,0.12747231677689497,0.0972564251683401,-0.0033076024654451475
2025-12-16,11,Extreme Fear,51429.43896826209,0.01750882546537591,-0.10441339848340925,-5.0,0.10857869213627991,0.06385269378980962,0.010825458286231715
2025-12-17,16,Extreme Fear,53812.07512881855,0.04632825495193171,-0.026435379924294344,5.0,0.058972526666269065,-0.0012491637503515562,-0.016355865069982434
2025-12-18,17,Extreme Fear,55333.300663721144,0.028269222683960704,0.007172336584407191,1.0,0.03507444896630241,-0.02600451157105521,-0.07025344187146787
2025-12-19,16,Extreme Fear,54967.197948376706,-0.00661631803910212,0.0072740032061384685,-1.0,0.038325830533090244,-0.02564669888717397,-0.07618876523349305
2025-12-20,20,Extreme Fear,53452.50048474937,-0.027556388540123322,0.05021806783686733,4.0,0.05255808145037677,0.039762393880197644,-0.03823832881798683
2025-12-21,20,Extreme Fear,56897.068968893735,0.0644416716319407,0.11930048878311417,0.0,-0.02456860719787779,-0.08779941439056915,-0.12392511116611815
2025-12-22,25,Extreme Fear,56987.48477936963,0.0015891119193736092,0.12747231677689497,5.0,-0.02679967495337965,-0.06427769722030352,-0.10958177654729295
2025-12-23,24,Extreme Fear,57013.58018873861,0.0004579147416317042,0.10857869213627991,-1.0,-0.04034535271490847,-0.035448096251617156,-0.11518981238238124
2025-12-24,24,Extreme Fear,56985.50916432008,-0.0004923568091251829,0.058972526666269065,0.0,-0.05686803849973654,-0.08486777846304427,-0.12290087107459768
2025-12-25,23,Extreme Fear,57274.0856939879,0.005064033539398549,0.03507444896630241,-1.0,-0.0590092438262344,-0.0971576373235914,-0.11166067394895451
2025-12-26,20,Extreme Fear,57073.861461825014,-0.0034958957395264667,0.038325830533090244,-3.0,-0.06161122793932594,-0.10228073418088401,-0.09848919553153168
2025-12-27,23,Extreme Fear,56261.86135895313,-0.014227180044844245,0.05255808145037677,3.0,-0.01215675200797206,-0.1212437978010934,-0.09357046489465703
2025-12-28,24,Extreme Fear,55499.187230686424,-0.013555792678113021,-0.02456860719787779,1.0,-0.06482342854585421,-0.12636612637902045,-0.05431823808983183
2025-12-29,24,Extreme Fear,55460.238710871854,-0.0007017854090849429,-0.02679967495337965,0.0,-0.03851007989041566,-0.14990169965731825,-0.07905939493229042
2025-12-30,23,Extreme Fear,54713.347186484236,-0.013467153076663685,-0.04034535271490847,-1.0,0.00510314463348438,-0.10042469478596283,-0.051941565861043704
2025-12-31,21,Extreme Fear,53744.85503523643,-0.017701204569824713,-0.05686803849973654,-2.0,-0.029688040599077814,-0.06265848652255412,-0.020366674540526652
2026-01-01,20,Extreme Fear,53894.38520634673,0.0027822229869678416,-0.0590092438262344,-1.0,-0.04054066763894171,-0.035406266989473134,-0.030459679994217836
2026-01-02,28,Fear,53557.470773923,-0.006251382794956739,-0.06161122793932594,8.0,-0.0433397195836529,-0.011679765231776718,-0.01621829488356019
2026-01-03,29,Fear,55577.89986290543,0.03772450527977833,-0.01215675200797206,1.0,-0.11042950996006784,-0.07434527089205978,-0.08144873075807912
2026-01-04,25,Extreme Fear,51901.53963288504,-0.06614787962641455,-0.06482342854585421,-4.0,-0.06580863947165716,-0.021622183705492626,0.006532410297415137
2026-01-05,26,Fear,53324.46048737466,0.02741577349254687,-0.03851007989041566,1.0,-0.11585313318126822,-0.035928995338984304,-0.024657668448423542
2026-01-06,44,Fear,54992.557310558914,0.03128201969486777,0.00510314463348438,18.0,-0.10499204980393173,-0.0935847356506454,-0.06640902731593323
2026-01-07,42,Fear,52149.27559695878,-0.051703027694153136,-0.029688040599077814,-2.0,-0.03397922245937535,-0.026972199030053656,0.010514695195041224
2026-01-08,28,Fear,51709.47084809113,-0.008433573502856118,-0.04054066763894171,-14.0,0.005351347864670508,-0.024430229971842743,0.0013786047939259305
2026-01-09,27,Fear,51236.30500897149,-0.00915046762922167,-0.0433397195836529,-1.0,0.033094249860669,-0.02448194809044435,-0.024743791732577014
2026-01-10,25,Extreme Fear,49440.459616435066,-0.035050251813083855,-0.11042950996006784,-2.0,0.04056366468090489,0.029092833689471354,-0.028431789849542866
2026-01-11,29,Fear,48485.969923160585,-0.019305841828322956,-0.06580863947165716,4.0,0.04729914836846105,0.06118744952638466,0.005921221259274745
2026-01-12,27,Fear,47146.65466471157,-0.027622738300822514,-0.11585313318126822,-2.0,0.09039690219099072,0.08167616978194214,0.0016123055695711486
2026-01-13,26,Fear,49218.77599456314,0.043950548444798176,-0.10499204980393173,-1.0,0.012745489188992432,0.06635258809961986,0.0017516789148213086
2026-01-14,48,Neutral,50377.28376035445,0.023537923127533222,-0.03397922245937535,22.0,0.0072534914281665586,0.013861446729786397,-0.07200131630416506
2026-01-15,61,Greed,51986.186214497306,0.031937062383046166,0.005351347864670508,13.0,-0.02962305456671266,-0.002207046962525494,-0.06237296456730057
2026-01-16,49,Neutral,52931.93208887584,0.018192253428176874,0.033094249860669,-12.0,-0.055731795970095144,-0.005321570803364817,-0.07405071435993016
2026-01-17,50,Neutral,51445.94584198596,-0.028073531198423263,0.04056366468090489,1.0,-0.011023670517028017,0.015683133515874914,-0.0493810273879004
2026-01-18,49,Neutral,50779.31500834489,-0.012957888570823362,0.04729914836846105,-1.0,0.01326106411865191,0.03760477885601965,-0.04978828518506606
2026-01-19,44,Fear,51408.56619506992,0.0123918801705305,0.09039690219099072,-5.0,-0.00799775970706229,-0.00695245482711071,-0.05182307388433682
2026-01-20,32,Fear,49846.09337189729,-0.030393238691851954,0.012745489188992432,-12.0,0.05293244895472804,0.04803763446559883,-0.02277828586528996
2026-01-21,24,Extreme Fear,50742.69495628449,0.017987399287196615,0.0072534914281665586,-8.0,0.006560369716118508,0.024967311359652467,-0.013325277623904563
2026-01-22,20,Extreme Fear,50446.196583549965,-0.005843173544289759,-0.02962305456671266,-4.0,0.028252946170259197,0.017728957720682947,-0.0044382487158382
2026-01-23,24,Extreme Fear,49981.940449395675,-0.009202995777597978,-0.055731795970095144,4.0,0.05338549466305431,0.05433300229423499,0.00884478718921855
2026-01-24,25,Extreme Fear,50878.82268558704,0.017944125980851267,-0.011023670517028017,1.0,0.027004492662493718,0.017727121802331824,-0.017688026086309594
2026-01-25,25,Extreme Fear,51452.70276057178,0.0112793505174269,0.01326106411865191,0.0,0.02402511613188474,-0.028845485897903145,-0.0297690648617579
2026-01-26,20,Extreme Fear,50997.412835757146,-0.008848707655519372,-0.00799775970706229,-5.0,0.0010537323783088581,-0.0580938093221095,-0.013311087679988898
2026-01-27,29,Fear,52484.569164897846,0.029161407342961798,0.05293244895472804,9.0,-0.004648745030118917,-0.0707160817914072,-0.0819975562061186
2026-01-28,29,Fear,51075.585795589934,-0.026845668959977975,0.006560369716118508,0.0,0.018286972343969143,-0.07543557762402564,-0.08820751443329056
2026-01-29,26,Fear,51871.450260119316,0.015582091759348993,0.028252946170259197,-3.0,-0.010234824503808082,-0.04947728973381671,-0.08526374275990334
2026-01-30,16,Extreme Fear,52650.25106450599,0.0150140549470128,0.05338549466305431,-10.0,0.0008994880183761378,-0.11206400591512278,-0.09469002386799619
2026-01-31,20,Extreme Fear,52252.779479476296,-0.0075492818551371466,0.027004492662493718,4.0,-0.009033427727380694,-0.06715673023868951,-0.09173823008798421
2026-02-01,14,Extreme Fear,52688.85991969386,0.008345593183016087,0.02402511613188474,-6.0,-0.05163018093686933,-0.0697789859194955,-0.09857945944369839
2026-02-02,14,Extreme Fear,51051.150460872166,-0.03108265127235288,0.0010537323783088581,0.0,-0.059085281626087394,-0.04202957739709079,-0.06130519186964134
2026-02-03,17,Extreme Fear,52240.5817848346,0.023298815271049822,-0.004648745030118917,3.0,-0.06637590140305549,-0.07636748400044868,-0.09478401962313565
2026-02-04,14,Extreme Fear,52009.60362048591,-0.004421431700359357,0.018286972343969143,-3.0,-0.09203942750269822,-0.06278046980432672,-0.10818269239015221
2026-02-05,12,Extreme Fear,51340.55506994898,-0.01286394250221512,-0.010234824503808082,-2.0,-0.03964825819451112,-0.05122403251312024,
2026-02-06,9,Extreme Fear,52697.60933450301,0.02643240344217368,0.0008994880183761378,-3.0,-0.11286197593841207,-0.04992778437433698,
2026-02-07,6,Extreme Fear,51780.757772493685,-0.017398352099608938,-0.009033427727380694,-3.0,-0.0586531414253586,-0.030097163950301375,
2026-02-08,7,Extreme Fear,49968.524548682704,-0.0349981982066252,-0.05163018093686933,1.0,-0.019136843684623983,0.00911564892912331,
2026-02-09,14,Extreme Fear,48034.77885855577,-0.03869927534568185,-0.059085281626087394,7.0,0.01812672699867246,0.04047271436082833,
2026-02-10,9,Extreme Fear,48773.06607904616,0.01536984739045777,-0.06637590140305549,-5.0,-0.010701933050366375,0.023536306572831567,
2026-02-11,11,Extreme Fear,47222.66947861413,-0.03178796670111561,-0.09203942750269822,2.0,0.032224920976354765,0.0655598753229254,
2026-02-12,5,Extreme Fear,49304.99148668613,0.04409581311397548,-0.03964825819451112,-6.0,-0.01205368180709121,-0.022797463257740014,
2026-02-13,9,Extreme Fear,46750.05301778049,-0.051819063179344704,-0.11286197593841207,4.0,0.07094069903118716,-0.003844224377146155,
2026-02-14,9,Extreme Fear,48743.65366375138,0.042643815723859335,-0.0586531414253586,0.0,0.030335234260297828,-0.026566687104069175,
2026-02-15,8,Extreme Fear,49012.28470524327,0.005511097779928198,-0.019136843684623983,-1.0,0.028803704606336744,-0.027492845493635953,
2026-02-16,12,Extreme Fear,48905.49218136641,-0.002178892996298809,0.01812672699867246,4.0,0.02194813943056917,-0.02957316538501309,
2026-02-17,10,Extreme Fear,48251.09999120711,-0.01338075052455212,-0.010701933050366375,-2.0,0.034608618743961594,-0.015673827150867847,
2026-02-18,8,Extreme Fear,48744.41627085499,0.010223938516174202,0.032224920976354765,-2.0,0.03229427392146267,-0.01688329550567602,
2026-02-19,9,Extreme Fear,48710.684807804275,-0.0006920067082819559,-0.01205368180709121,1.0,-0.0108748635961321,-0.02918610891218032,
2026-02-20,7,Extreme Fear,50066.5344586069,0.027834748292953515,0.07094069903118716,-2.0,-0.06983105925098043,-0.07357149496686477,
2026-02-21,8,Extreme Fear,50222.3038163441,0.0031112470519800706,0.030335234260297828,1.0,-0.05522660923579714,,
2026-02-22,9,Extreme Fear,50424.020075974775,0.004016467670784785,0.028803704606336744,1.0,-0.05472039986628363,,
2026-02-23,5,Extreme Fear,49978.87674268366,-0.008828001667070873,0.02194813943056917,-4.0,-0.05041479388992287,,
2026-02-24,8,Extreme Fear,49921.00391477957,-0.001157945749802436,0.034608618743961594,3.0,-0.04860045140149083,,
2026-02-25,11,Extreme Fear,50318.58180204779,0.007964140463740055,0.03229427392146267,3.0,-0.047639099304817245,,
2026-02-26,11,Extreme Fear,48180.96275484522,-0.04248170299417253,-0.0108748635961321,0.0,-0.018512566956514598,,
2026-02-27,13,Extreme Fear,46570.335324336666,-0.03342870998040781,-0.06983105925098043,2.0,-0.004021243402163477,,
2026-02-28,11,Extreme Fear,47448.69626855738,0.018860953826151716,-0.05522660923579714,-2.0,,,
2026-03-01,14,Extreme Fear,47664.79753455192,0.004554419467532211,-0.05472039986628363,3.0,,,
2026-03-02,10,Extreme Fear,47459.2019728514,-0.00431336274011207,-0.05041479388992287,-4.0,,,
2026-03-03,14,Extreme Fear,47494.82059010569,0.0007505102440337197,-0.04860045140149083,4.0,,,
2026-03-04,10,Extreme Fear,47921.44988670247,0.008982648871941334,-0.047639099304817245,-4.0,,,
2026-03-05,22,Extreme Fear,47289.00945581681,-0.013197439400954969,-0.018512566956514598,12.0,,,
2026-03-06,18,Extreme Fear,46383.06467067714,-0.019157618135057786,-0.004021243402163477,-4.0,,,
